DOCUMENT_ID,DOCUMENT_TYPE,DOCUMENT_FORMAT,DOCUMENT_FILE_NAME,ROW_CREATED_TIMESTAMP,ROW_UPDATED_TIMESTAMP
74063008234,application/x-cdlink,.jpeg,quisque ut erat.vcd,11/1/2019 13:30,11/1/2018 16:58
56039100421,audio/make,.png,curabitur at ipsum.pfunk,1/14/2011 14:37,5/7/2020 14:44
96024503694,video/quicktime,.png,in tempus sit.mov,10/5/2013 4:05,12/27/2015 3:04
23051405424,application/x-lotusscreencam,.jpeg,dolor.scm,1/18/2004 3:03,7/16/2020 9:30
47056401787,application/vnd.ms-powerpoint,.png,libero ut massa.pot,11/29/2017 2:28,8/11/2017 4:12
34063506765,audio/make,.docx,quis orci.my,1/12/2011 21:49,9/8/2018 2:58
15097004297,text/x-la-asf,.docx,commodo placerat praesent.lsx,6/10/2005 9:49,8/18/2017 2:15
28032006836,application/x-troff,.pdf,dui luctus rutrum.t,1/4/2003 22:17,11/10/2020 7:33
86049509558,application/marc,.png,convallis nunc.mrc,4/26/2005 15:09,3/17/2020 15:38
13024203300,text/xml,.docx,condimentum.xml,10/2/2000 0:14,10/18/2018 14:49
92011801073,video/x-amt-demorun,.docx,vel nulla.xdr,6/5/2012 18:42,6/6/2019 6:04
46096903106,video/vivo,.png,sapien.vivo,12/20/2001 13:51,1/18/2016 11:20
23098706772,application/x-shockwave-flash,.docx,cras.swf,9/20/2009 19:02,3/8/2019 1:18
17078800346,application/x-pointplus,.png,nec sem.css,12/9/2002 11:53,8/15/2016 21:46
72087708439,application/x-shar,.png,donec ut mauris.sh,3/2/2005 18:39,4/9/2016 17:38
36039509512,audio/x-vnd.audioexplosion.mjuicemediafile,.pdf,risus semper porta.mjf,12/29/2016 20:51,9/2/2018 6:02
43062009044,i-world/i-vrml,.docx,faucibus accumsan.ivr,8/29/2012 20:29,12/10/2016 5:31
56073200235,text/richtext,.pdf,vestibulum.rtf,1/14/2010 18:44,6/15/2018 14:20
11065600308,application/octet-stream,.png,vel sem.psd,2/17/2005 0:13,2/5/2015 6:58
94024708687,text/plain,.docx,blandit.jav,5/24/2013 23:26,9/14/2018 23:56
69005008905,application/wordperfect6.0,.docx,congue elementum.wp5,7/9/2019 13:37,10/25/2016 3:40
45054709073,application/vnd.rn-realplayer,.docx,id sapien.rnx,10/27/2015 19:02,3/15/2017 14:33
97092403007,text/x-script.rexx,.docx,hac habitasse.rexx,9/28/2016 22:18,2/23/2017 13:37
82081400226,application/wordperfect,.png,neque aenean.wp6,4/8/2006 13:12,11/16/2018 6:43
44038806416,application/x-rtf,.png,varius ut.rtf,6/16/2002 17:10,4/7/2015 18:55
4055501720,application/x-lha,.docx,mattis.lha,10/23/2016 12:28,10/7/2018 8:18
72021406114,application/x-winhelp,.jpeg,a.hlp,3/14/2000 5:23,12/23/2017 19:09
56070607654,application/drafting,.png,hendrerit.drw,7/28/2015 13:28,5/19/2015 7:33
88025902599,application/x-ima,.jpeg,arcu.ima,1/23/2012 23:34,2/20/2019 13:59
28076209857,application/x-pagemaker,.jpeg,in purus eu.pm5,1/9/2018 13:58,10/14/2017 5:04
53011704690,application/wordperfect,.png,pulvinar.wp5,3/23/2004 19:58,9/11/2018 5:13
36075600644,text/x-speech,.pdf,donec dapibus duis.talk,10/2/2013 2:28,11/26/2017 14:56
83039808596,application/octet-stream,.jpeg,id.zoo,3/16/2002 9:45,7/6/2016 19:57
73071201473,application/x-latex,.docx,varius nulla.ltx,6/16/2003 4:48,4/19/2016 14:09
86078306434,application/x-cocoa,.pdf,congue.cco,1/3/2005 23:44,8/20/2017 21:18
1061408922,video/quicktime,.docx,condimentum id.moov,3/9/2008 12:14,2/6/2016 21:31
57089403162,application/x-compactpro,.jpeg,sed nisl nunc.cpt,10/11/2013 9:28,4/18/2017 0:55
9000306215,video/x-fli,.png,dapibus augue.fli,12/3/2018 7:18,1/18/2019 1:30
61032601326,application/x-binhex40,.png,luctus cum.hqx,10/26/2011 10:29,9/21/2018 21:28
31087407190,image/vnd.fpx,.docx,ante ipsum primis.fpx,10/20/2001 20:43,5/9/2020 4:20
4045706208,application/x-gzip,.jpeg,massa id nisl.gzip,6/6/2017 14:26,6/7/2019 0:00
37072501122,application/cdf,.pdf,vulputate luctus cum.cdf,4/18/2015 17:05,11/28/2015 4:37
77006509007,application/x-lha,.png,ut.lha,11/17/2001 15:12,3/18/2018 8:47
85037301991,application/pkcs-crl,.pdf,eu.crl,9/13/2007 14:28,11/22/2015 20:55
22026008950,application/x-authorware-seg,.docx,turpis eget elit.aas,5/5/2015 2:12,8/16/2015 2:23
53087402856,application/vnd.ms-excel,.docx,sed.xlc,1/27/2010 16:09,9/29/2019 0:33
98089301886,audio/voc,.jpeg,eu massa donec.voc,3/1/2019 0:20,1/25/2020 3:08
27095206928,text/x-h,.png,mi.h,9/15/2002 21:24,5/11/2015 17:15
67006105369,application/octet-stream,.jpeg,in sagittis.uu,7/20/2015 20:38,3/6/2020 11:15
33062104770,image/vnd.rn-realpix,.pdf,magnis.rp,8/3/2002 3:00,8/6/2016 7:12
1019806696,application/vnd.ms-pki.seccat,.pdf,non velit donec.cat,12/19/2013 16:06,11/15/2018 14:57
87090900397,application/pkcs7-mime,.png,hendrerit at.p7m,11/9/2003 12:49,11/26/2019 1:13
59099508659,application/x-tex,.png,id turpis integer.tex,7/15/2018 19:32,11/18/2020 11:24
61011502836,audio/x-realaudio,.png,non velit donec.ra,9/21/2017 11:13,9/13/2017 22:02
22016400992,application/x-wpwin,.png,lobortis.wpd,10/27/2012 16:20,8/12/2017 22:07
42098006842,application/x-pkcs7-certreqresp,.pdf,eleifend pede.p7r,1/8/2005 9:16,2/8/2017 17:23
58094104348,audio/x-mod,.docx,consequat morbi a.mod,5/15/2016 15:57,3/19/2015 21:50
74085605933,application/excel,.png,erat.xls,1/11/2004 3:02,11/30/2020 18:26
14062001509,application/sla,.docx,purus aliquet.stl,7/15/2009 18:01,10/12/2015 12:01
64014904489,application/gnutar,.jpeg,tincidunt.tgz,1/18/2002 11:37,8/24/2017 18:15
96098300192,application/x-binhex40,.jpeg,sit amet sapien.hqx,4/4/2005 14:48,5/20/2017 10:25
22067002244,xgl/movie,.png,neque.xmz,7/7/2018 17:07,5/25/2020 4:44
7092003937,model/iges,.png,dolor sit.igs,10/28/2012 12:33,10/23/2018 17:05
14072908746,text/vnd.abc,.pdf,duis.abc,3/27/2010 23:11,3/5/2017 13:37
86091708437,text/uri-list,.pdf,pede.uris,9/22/2001 5:03,7/12/2017 14:21
91029902472,audio/basic,.docx,nisi nam.au,8/23/2014 14:30,8/5/2017 9:55
68048107164,image/x-xpixmap,.png,odio.pm,3/15/2007 0:09,8/28/2020 11:49
50004307577,application/mspowerpoint,.png,ipsum primis.ppt,3/22/2009 1:25,10/13/2016 11:14
8074804756,text/plain,.pdf,in est.java,12/30/2014 12:52,5/7/2016 6:33
77026206049,application/x-javascript,.docx,platea dictumst.js,8/22/2009 19:58,8/25/2019 22:44
16073102965,x-world/x-vrml,.docx,nulla.vrml,9/25/2010 6:01,7/20/2015 12:40
97035303588,text/plain,.jpeg,suspendisse accumsan.c,11/23/2009 8:47,11/27/2019 13:23
55018400761,application/x-project,.jpeg,consequat morbi.mpt,5/21/2002 7:11,9/11/2017 5:09
69025704155,application/x-visio,.png,vel accumsan tellus.vsd,5/10/2019 17:49,4/1/2018 15:35
63037700232,application/x-chat,.png,purus eu.chat,5/3/2014 2:45,8/3/2016 15:52
24022303078,image/x-jg,.docx,amet.art,12/14/2014 21:12,5/15/2017 19:37
61046408835,application/groupwise,.docx,morbi.vew,7/23/2017 14:34,1/21/2017 8:11
3062002145,image/ief,.png,vivamus in felis.ief,6/10/2010 21:36,10/4/2019 18:07
53016005361,xgl/movie,.pdf,lectus aliquam sit.xmz,2/15/2002 19:41,5/28/2015 4:52
94013201215,message/rfc822,.jpeg,elementum.mime,4/30/2000 14:13,2/11/2018 0:25
42014405961,audio/mpeg,.pdf,non mattis.mp2,2/17/2019 14:26,12/22/2018 19:41
6000308874,image/vnd.xiff,.png,in quis.xif,2/24/2016 19:30,5/25/2019 1:32
99003401007,application/x-internett-signup,.docx,ut tellus.ins,4/6/2001 5:23,12/28/2019 7:39
3084805454,text/x-setext,.pdf,quis lectus suspendisse.etx,5/14/2013 22:20,1/14/2021 23:42
5055102848,application/vnd.ms-excel,.pdf,proin.xls,10/6/2006 23:04,5/14/2020 20:34
8068701046,application/x-compressed,.jpeg,vestibulum.tgz,4/15/2004 0:50,11/11/2018 11:24
14027008425,application/excel,.docx,sollicitudin.xld,11/6/2005 12:06,9/22/2019 5:33
90042904642,image/naplps,.jpeg,platea dictumst morbi.naplps,10/11/2005 12:53,10/5/2016 13:49
20080301171,application/wordperfect6.0,.jpeg,primis in faucibus.w60,5/26/2017 11:10,11/26/2015 18:04
51030009246,application/x-msexcel,.png,quis odio.xlw,1/22/2018 5:43,8/3/2018 6:46
21051701499,audio/mpeg,.png,porttitor.mpga,6/27/2013 5:20,9/23/2018 21:41
4066607741,application/octet-stream,.docx,quis.lzh,6/6/2001 2:35,6/13/2017 21:51
79060304205,application/x-gzip,.jpeg,pulvinar nulla pede.gzip,4/9/2003 4:58,12/18/2019 12:15
90087104784,video/x-sgi-movie,.docx,laoreet.movie,12/16/2002 17:32,10/3/2020 21:32
1016606756,application/smil,.png,dictumst morbi vestibulum.smi,2/28/2011 6:04,3/15/2018 8:13
29011906414,application/octet-stream,.png,eget.lhx,3/3/2005 12:33,6/19/2020 11:04
33023004582,music/x-karaoke,.pdf,in.kar,10/11/2011 3:06,11/24/2019 18:04
88025706646,application/x-mspowerpoint,.docx,vitae consectetuer.ppt,3/26/2003 15:01,6/18/2018 3:29
11076203632,video/mpeg,.jpeg,nullam porttitor.mpe,4/12/2015 10:29,5/4/2018 15:09
67048305086,application/java,.png,accumsan odio.class,3/17/2018 12:36,5/25/2015 16:57
99015803802,application/excel,.docx,hac habitasse platea.xld,9/14/2005 5:40,6/4/2016 15:15
56081107344,audio/x-adpcm,.jpeg,adipiscing.snd,7/2/2011 15:48,6/15/2016 2:33
30092205457,application/vnd.hp-pcl,.png,est congue elementum.pcl,12/29/2008 18:16,11/27/2017 6:23
32013300389,audio/x-twinvq-plugin,.png,primis in faucibus.vql,2/22/2009 17:41,5/23/2016 2:06
89037109935,text/x-fortran,.docx,viverra diam.for,10/21/2001 2:54,9/9/2018 23:35
68029305371,image/vnd.dwg,.png,nam.svf,2/1/2005 13:21,1/26/2015 15:30
44002907849,application/rtf,.pdf,vel ipsum.rtx,5/9/2000 11:14,7/25/2020 9:14
20045408430,application/x-portable-anymap,.pdf,vitae mattis.pnm,2/17/2004 9:40,11/30/2016 4:43
22023505736,video/x-atomic3d-feature,.jpeg,rutrum ac lobortis.fmf,3/19/2005 14:46,7/27/2018 12:06
10013503559,text/javascript,.jpeg,tortor eu.js,12/6/2007 3:22,1/5/2017 5:28
22090106469,chemical/x-pdb,.jpeg,nulla.xyz,7/9/2019 21:08,4/2/2020 17:40
73042200624,application/x-excel,.png,dolor quis odio.xla,1/25/2000 13:52,7/31/2015 10:02
67054802325,audio/x-voc,.jpeg,faucibus.voc,4/20/2004 1:44,2/17/2020 2:24
65051708706,application/x-sv4crc,.docx,et ultrices.sv4crc,2/10/2000 11:53,11/28/2017 0:37
30002408620,music/x-karaoke,.pdf,faucibus.kar,12/21/2011 5:47,1/19/2018 13:53
36086602002,application/x-rtf,.png,massa volutpat.rtf,1/10/2015 1:52,8/5/2016 20:20
11080609460,application/x-tbook,.pdf,erat id mauris.tbk,4/7/2004 17:13,10/21/2019 19:19
68079803987,text/x-speech,.jpeg,sit amet justo.talk,6/8/2013 6:00,12/22/2016 18:13
45042602123,application/x-navistyle,.png,in hac habitasse.stl,7/18/2016 8:15,12/11/2019 14:02
77005308020,application/pkcs-crl,.jpeg,augue vestibulum ante.crl,11/17/2006 9:42,2/27/2017 4:59
3009700495,i-world/i-vrml,.pdf,suspendisse potenti nullam.ivr,2/25/2006 14:03,12/20/2015 23:27
75078501367,application/x-wais-source,.docx,ipsum.src,11/22/2003 14:15,10/6/2017 20:11
72020003168,application/mswrite,.pdf,purus sit amet.wri,6/23/2003 4:36,5/10/2016 16:26
69034509460,application/vocaltec-media-desc,.pdf,tortor quis.vmd,5/13/2008 5:20,2/25/2016 2:05
82082906765,video/vivo,.png,cubilia.vivo,5/8/2008 0:59,6/29/2015 16:01
25075002581,text/plain,.png,posuere nonummy integer.h,12/9/2018 19:56,12/12/2019 12:27
37044008096,application/x-project,.jpeg,tristique in.mpx,1/28/2001 19:56,12/12/2018 4:34
20027100618,application/pkcs7-mime,.docx,non velit.p7m,10/12/2001 13:37,1/18/2016 1:37
78007700548,video/x-amt-showrun,.jpeg,at.xsr,3/23/2013 11:52,12/9/2020 9:59
99048509597,image/vnd.rn-realflash,.pdf,morbi.rf,8/25/2014 1:26,1/19/2020 21:18
34042506431,application/vnd.fdf,.jpeg,malesuada in imperdiet.fdf,1/4/2016 22:34,11/1/2016 4:35
25050608702,x-world/x-3dmf,.pdf,nec euismod scelerisque.qd3,7/23/2012 16:56,9/14/2017 12:31
34066803136,text/plain,.png,libero non.txt,5/28/2012 12:14,6/25/2017 17:19
63053406986,application/x-lotus,.docx,nulla.wq1,7/15/2002 22:48,11/26/2020 5:25
60099407813,audio/x-nspaudio,.pdf,tristique est.lma,7/8/2010 20:57,4/11/2016 1:26
55015001053,application/i-deas,.pdf,vel.unv,12/7/2008 17:07,8/29/2019 23:22
80036001715,x-music/x-midi,.png,tincidunt.mid,2/7/2005 16:50,9/26/2016 19:29
59063606020,audio/mpeg,.png,aliquet maecenas.mp2,6/22/2012 17:39,3/7/2019 1:16
78026405038,application/vnd.ms-pki.stl,.docx,nonummy.stl,11/7/2002 9:47,1/12/2016 20:46
36025504179,application/x-gsp,.jpeg,ut.gsp,6/16/2012 8:45,6/26/2020 9:31
12012603914,application/x-excel,.jpeg,molestie hendrerit.xld,11/19/2017 20:59,8/25/2015 15:55
69054208772,application/sla,.jpeg,eu.stl,2/22/2019 15:30,10/5/2020 13:40
6070400499,audio/basic,.jpeg,curabitur in.snd,12/17/2004 9:49,10/27/2020 17:37
15015705026,image/x-jg,.pdf,vulputate nonummy.art,12/29/2011 11:02,11/25/2018 9:43
40045400226,application/vnd.hp-pcl,.png,viverra.pcl,9/14/2003 13:21,5/9/2016 8:09
4078904532,video/mpeg,.docx,orci.mpeg,9/2/2019 11:21,4/14/2019 21:08
1044102292,application/x-compress,.docx,eros suspendisse.z,9/19/2013 20:24,4/23/2018 22:30
73098802998,application/vocaltec-media-file,.png,imperdiet et.vmf,3/28/2004 10:53,12/31/2020 1:54
94060808804,application/x-vnd.audioexplosion.mzz,.pdf,sed vestibulum.mzz,4/24/2013 7:21,12/14/2020 15:50
98041404798,image/x-jps,.docx,sed vel.jps,10/22/2003 8:24,1/6/2019 2:02
84069008371,application/x-authorware-map,.jpeg,ac nulla sed.aam,4/1/2019 10:24,10/10/2015 18:47
22060203671,image/x-xwd,.docx,montes.xwd,5/20/2013 0:45,2/21/2015 19:37
43033208087,application/wordperfect,.docx,nulla neque.wpd,4/26/2017 13:42,10/28/2015 15:12
7055400104,text/plain,.docx,nulla justo aliquam.jav,11/10/2007 1:50,7/3/2016 11:54
74069108309,application/x-pcl,.png,habitasse.pcl,6/22/2002 2:05,1/22/2018 4:33
20005708721,application/vnd.ms-pki.seccat,.png,consectetuer eget.cat,6/1/2011 23:27,8/22/2017 23:29
82006200104,text/x-speech,.pdf,nisi.talk,2/19/2014 1:17,3/15/2016 19:14
54078703110,application/vnd.ms-powerpoint,.jpeg,lacus.ppt,6/13/2000 3:05,2/26/2017 22:25
72035801407,application/dxf,.jpeg,id pretium iaculis.dxf,12/16/2016 23:40,5/27/2018 9:24
14027109347,application/x-lzx,.docx,mattis pulvinar.lzx,3/20/2000 7:49,11/7/2019 10:14
32035805730,application/x-lisp,.png,integer aliquet massa.lsp,9/30/2009 5:50,2/8/2018 20:10
26018504072,application/iges,.png,curabitur at ipsum.igs,3/24/2014 14:28,9/20/2016 4:56
41078806055,application/pkix-cert,.png,augue.cer,10/18/2009 1:55,11/13/2015 21:23
56036702175,video/x-ms-asf-plugin,.png,eget nunc donec.asx,1/14/2008 0:28,5/26/2016 10:39
50061800191,application/x-x509-ca-cert,.docx,ullamcorper augue a.crt,9/27/2013 21:25,5/23/2019 21:36
91036805415,audio/mid,.jpeg,ante.rmi,12/7/2010 11:25,3/19/2018 10:54
4007308979,image/bmp,.docx,penatibus.bm,6/26/2007 19:11,3/22/2019 18:33
29025703817,application/smil,.png,feugiat et.smil,1/20/2010 6:34,2/22/2019 0:28
94084100198,text/x-uuencode,.png,nonummy maecenas.uue,6/12/2012 20:48,8/20/2020 8:30
58013204947,application/octet-stream,.jpeg,nec nisi volutpat.uu,7/17/2009 6:08,12/4/2020 10:30
69018901520,application/powerpoint,.pdf,faucibus orci.ppt,12/14/2011 7:23,8/21/2020 20:59
27016507312,application/x-pkcs12,.pdf,nulla eget eros.p12,11/24/2003 5:33,2/9/2019 4:00
22029100612,text/x-script.ksh,.jpeg,nunc nisl.ksh,6/18/2005 13:56,6/9/2019 3:26
23073605290,application/x-msexcel,.png,enim leo.xla,5/17/2011 10:24,7/10/2017 3:40
92075305987,application/x-mathcad,.png,ultrices.mcd,3/20/2012 4:57,9/15/2015 9:14
68040904115,video/x-dv,.jpeg,dis.dif,1/3/2019 5:49,7/13/2017 7:04
69015702309,application/x-excel,.docx,dis.xlt,1/1/2015 6:53,6/2/2020 8:11
75071709744,x-conference/x-cooltalk,.pdf,integer.ice,4/6/2002 20:23,12/4/2019 13:39
57083000636,audio/aiff,.jpeg,ante ipsum primis.aifc,10/7/2011 18:07,6/18/2017 17:35
46045503295,application/book,.pdf,suspendisse potenti.boo,6/28/2015 16:07,12/19/2020 11:11
54068408043,application/vnd.hp-pcl,.pdf,at turpis.pcl,1/31/2019 22:25,2/2/2019 14:01
91007901005,application/x-navi-animation,.jpeg,ultrices vel.ani,11/20/2013 6:04,6/23/2016 20:13
69028500379,model/vnd.dwf,.docx,nisl nunc.dwf,11/6/2018 12:02,8/7/2015 2:22
34009202444,audio/mpeg,.docx,eget semper.mpa,8/31/2004 1:07,4/6/2016 19:58
95006505357,text/x-vcalendar,.png,est risus.vcs,5/7/2007 4:35,11/7/2019 13:48
94049807057,video/vivo,.docx,posuere.viv,2/19/2012 22:24,10/10/2020 20:38
62001606194,text/x-h,.docx,phasellus sit.hh,10/17/2013 18:52,7/25/2018 1:52
23084700791,text/uri-list,.jpeg,mus vivamus vestibulum.uni,6/21/2004 23:59,7/3/2018 13:36
71003506509,application/vnd.ms-powerpoint,.png,sodales sed tincidunt.pwz,6/6/2002 11:37,1/22/2020 7:22
29082102397,audio/x-aiff,.docx,imperdiet sapien urna.aifc,9/6/2009 9:52,12/31/2019 14:16
68016501878,video/vnd.rn-realvideo,.docx,aliquet.rv,4/16/2018 7:59,11/25/2017 6:18
18096603447,application/x-excel,.png,id.xll,7/3/2004 19:11,12/10/2020 6:41
3096703142,application/x-internett-signup,.pdf,felis donec.ins,3/1/2018 17:07,3/31/2019 3:33
39057804427,text/x-uil,.png,sed.uil,2/2/2002 3:46,4/16/2019 15:48
72062806318,text/x-asm,.docx,convallis tortor.asm,8/16/2005 2:04,7/29/2016 7:32
57078905307,application/x-conference,.pdf,nulla.nsc,5/12/2014 1:41,7/28/2018 0:26
50080405129,application/x-troff-ms,.docx,eu nibh.ms,9/12/2008 16:22,4/14/2017 9:36
61092205846,text/x-m,.pdf,fusce consequat.m,1/29/2012 1:15,2/27/2016 18:54
43074405996,application/pro_eng,.pdf,volutpat.part,10/29/2017 14:52,7/15/2015 8:24
27000705205,application/octet-stream,.docx,iaculis.lzh,2/1/2008 2:56,10/4/2020 4:17
36022902866,application/wordperfect6.0,.pdf,sed tristique.wp5,12/15/2008 15:05,12/9/2015 9:25
92017006595,text/x-server-parsed-html,.png,at.ssi,10/17/2012 0:24,4/16/2017 4:51
91012108050,text/x-speech,.docx,vel.spc,5/2/2010 10:05,2/5/2017 23:39
66025900936,application/octet-stream,.docx,et.zoo,5/15/2014 18:26,6/15/2016 15:53
43057601033,image/png,.png,vivamus vestibulum.x-png,6/2/2008 15:21,6/29/2016 14:29
51070109879,application/x-ip2,.pdf,ut.ip,8/28/2004 15:57,6/26/2015 20:17
27086903415,image/vnd.fpx,.png,dapibus.fpx,9/21/2004 21:15,8/21/2016 20:24
54097609035,application/acad,.docx,in.dwg,3/19/2011 21:56,5/19/2016 10:09
40018303899,video/x-amt-showrun,.docx,ut at.xsr,9/15/2009 23:11,4/16/2020 13:07
39063600355,application/vnd.wap.wmlc,.docx,ultrices phasellus.wmlc,5/20/2016 15:14,10/25/2017 13:29
61063405279,application/msword,.pdf,curabitur in libero.dot,3/22/2009 15:09,11/16/2017 18:33
91049005938,application/vnd.ms-powerpoint,.png,porttitor id.pwz,2/14/2019 18:34,7/29/2020 4:11
19065204849,application/postscript,.jpeg,pede malesuada.eps,11/13/2010 16:42,10/15/2016 10:52
89019301499,image/vnd.dwg,.pdf,aenean auctor.dwg,6/21/2014 19:40,12/13/2015 2:57
48058408293,application/sla,.jpeg,phasellus in.stl,6/28/2003 13:12,8/13/2015 14:33
22089907702,application/x-excel,.png,nulla sed accumsan.xll,1/4/2013 1:00,11/7/2018 23:03
6094905029,application/streamingmedia,.pdf,dis.ssm,2/16/2006 20:11,10/31/2016 3:30
45054307347,video/mpeg,.pdf,nullam.mpa,12/23/2018 8:49,8/10/2020 18:19
95067905644,video/x-sgi-movie,.jpeg,sit amet lobortis.mv,11/22/2000 6:15,1/20/2016 4:14
93037807497,video/fli,.png,mattis.fli,2/25/2004 21:47,2/16/2015 9:00
86054209801,application/pkcs7-signature,.png,ac tellus semper.p7s,8/22/2013 23:31,9/7/2017 6:56
16071603431,application/x-freelance,.pdf,est quam.pre,4/9/2001 0:31,11/6/2016 23:08
99079204117,text/x-asm,.png,nisl.s,10/9/2013 13:07,9/4/2015 4:19
96088009690,text/richtext,.png,pretium iaculis.rtx,7/23/2014 22:46,11/24/2017 19:13
79040208969,text/x-script.perl,.pdf,nisi eu orci.pl,2/11/2011 19:06,1/13/2019 18:14
24099201726,text/x-audiosoft-intra,.pdf,sem duis aliquam.aip,3/25/2008 1:25,1/20/2020 4:35
74055109672,application/wordperfect6.0,.docx,felis sed lacus.wp5,2/21/2006 15:12,6/6/2016 23:40
67025806767,text/plain,.png,ut massa quis.hh,1/31/2000 0:16,7/6/2015 23:29
96005904442,application/x-sprite,.docx,eleifend luctus.sprite,12/5/2011 6:01,8/25/2016 18:59
47007778,image/x-portable-bitmap,.pdf,dolor sit.pbm,7/23/2014 9:54,4/2/2018 10:25
9062304854,text/asp,.pdf,in.asp,10/29/2017 21:37,7/11/2018 10:48
72016208022,text/plain,.jpeg,ultrices.pl,9/17/2019 16:12,9/26/2019 20:56
29009606228,application/x-tbook,.pdf,nisl.sbk,4/28/2011 4:49,7/10/2016 23:14
71033501450,application/x-gss,.docx,nulla nunc.gss,9/30/2002 2:01,5/30/2015 7:57
23099601114,video/x-ms-asf,.docx,sed ante vivamus.asf,10/30/2015 7:43,9/1/2018 20:57
78081202178,application/pkcs7-signature,.pdf,nunc commodo.p7s,3/21/2002 11:59,1/11/2019 12:34
4084801410,text/plain,.jpeg,elit ac.hh,10/26/2004 16:26,9/1/2016 7:45
10055406435,text/x-asm,.png,mattis.asm,3/17/2009 20:20,6/24/2016 3:26
57007003595,video/mpeg,.pdf,volutpat dui.mp2,6/14/2007 17:04,3/9/2019 0:30
2015908486,text/x-speech,.jpeg,risus semper.talk,10/18/2017 23:47,11/1/2020 21:46
19095506398,application/x-project,.png,luctus tincidunt.mpv,10/11/2006 10:06,10/18/2017 21:53
23004109175,text/plain,.jpeg,proin leo odio.jav,7/21/2008 19:26,11/15/2016 22:07
43008503229,application/x-compressed,.pdf,magnis dis parturient.tgz,9/24/2013 18:59,12/22/2015 22:45
84000206222,image/ief,.png,tempus semper.ief,11/13/2008 15:59,6/13/2016 2:32
51044004659,application/lzx,.png,sit amet.lzx,8/4/2002 17:29,12/7/2020 20:55
12018406444,application/clariscad,.png,platea dictumst.ccad,9/9/2013 22:30,5/25/2020 16:44
52040302178,text/mcf,.jpeg,blandit ultrices.mcf,10/16/2010 14:53,8/30/2015 18:14
21096707964,application/iges,.png,non pretium quis.igs,12/30/2014 12:43,10/4/2017 3:58
48047200674,application/x-javascript,.docx,justo lacinia.js,1/30/2019 3:24,7/6/2018 10:06
50095805091,audio/mpeg,.png,nulla eget.mpa,12/4/2010 3:32,8/25/2018 22:57
51080806483,image/png,.pdf,a feugiat.x-png,4/20/2017 7:14,1/26/2017 11:14
19004208510,application/wordperfect,.jpeg,donec.wp,1/8/2010 8:27,11/29/2016 4:47
55075504448,text/x-c,.docx,mollis molestie.c,4/15/2005 12:56,11/9/2016 15:07
23077208210,text/x-fortran,.docx,sollicitudin vitae consectetuer.f90,4/19/2018 16:12,8/22/2019 6:29
19080004606,application/x-mathcad,.docx,neque duis bibendum.mcd,4/18/2012 19:42,12/5/2017 23:22
34081705530,application/x-shar,.jpeg,ipsum.sh,4/29/2016 18:33,10/25/2017 10:56
92018304883,application/x-tbook,.docx,erat.tbk,10/9/2016 7:54,3/10/2015 12:42
84035000455,model/vrml,.png,nulla.wrl,5/19/2002 9:32,6/26/2015 18:20
76057309231,application/wordperfect,.docx,ipsum.wp5,12/4/2018 5:16,12/30/2016 15:56
87022802003,application/vnd.ms-excel,.pdf,consequat.xll,4/11/2011 18:53,11/21/2017 9:20
15016009239,application/x-navistyle,.png,ut.stl,8/19/2004 6:30,2/21/2019 7:10
65088505755,model/vnd.dwf,.jpeg,nunc.dwf,2/1/2013 0:25,11/6/2018 6:24
36010801799,application/x-cdlink,.jpeg,erat nulla.vcd,8/13/2005 11:41,10/18/2019 17:26
17036609737,text/x-asm,.pdf,ac nibh.asm,12/23/2015 21:07,8/27/2016 7:10
58057702702,application/wordperfect,.png,nunc vestibulum ante.wp,10/1/2009 0:47,2/17/2015 15:32
2063901624,application/vnd.rn-realmedia,.pdf,vel pede morbi.rm,2/4/2012 1:12,2/21/2015 1:20
67069305199,x-music/x-midi,.docx,justo.mid,8/9/2009 0:55,6/1/2015 9:51
57002602297,x-world/x-3dmf,.jpeg,donec semper.qd3,9/8/2008 7:37,1/13/2017 10:56
5062103853,text/plain,.docx,accumsan.sdml,9/26/2010 22:36,11/19/2019 21:50
86026207653,application/excel,.png,blandit mi.xlt,5/8/2007 7:56,8/6/2020 4:38
95054805661,application/inf,.pdf,at dolor.inf,5/13/2008 1:05,7/8/2017 19:16
17034307673,application/excel,.png,fusce lacus purus.xlt,10/19/2017 11:31,8/16/2015 6:32
72079908263,application/x-bcpio,.docx,nunc proin at.bcpio,3/23/2010 22:47,10/22/2015 22:03
19098500744,application/x-mplayer2,.jpeg,lacinia nisi.asx,11/4/2000 1:59,1/24/2017 13:47
55046209823,application/msword,.pdf,molestie.doc,7/25/2003 10:48,7/8/2016 1:00
64067409377,image/cmu-raster,.png,posuere metus vitae.ras,11/30/2010 14:23,4/20/2016 9:26
26037609153,audio/aiff,.png,aliquam.aifc,9/13/2016 19:14,7/10/2019 17:54
81032909016,application/wordperfect,.jpeg,ullamcorper augue a.wp6,4/28/2015 10:13,2/28/2017 12:29
16086200135,application/x-rtf,.jpeg,in faucibus.rtf,4/16/2004 4:31,1/5/2020 11:42
61093007950,image/x-xpixmap,.png,dolor quis odio.xpm,1/20/2006 21:11,12/8/2015 21:36
13008809501,audio/x-twinvq-plugin,.jpeg,tellus in.vql,3/9/2006 13:17,2/6/2015 13:27
76098704556,application/x-gsp,.png,tortor eu pede.gsp,3/16/2018 8:18,1/21/2020 23:54
44058306365,application/drafting,.png,lorem.drw,10/20/2010 18:34,4/10/2017 2:47
63061604235,application/x-gss,.docx,in.gss,8/21/2011 13:18,11/5/2017 4:54
22025008590,text/x-script.guile,.jpeg,vehicula.scm,1/28/2013 14:12,5/8/2016 0:09
11016308542,application/x-msexcel,.jpeg,nulla ac.xla,8/18/2009 9:21,2/20/2020 22:06
64031006693,application/x-lzx,.docx,enim leo rhoncus.lzx,7/19/2001 15:25,4/15/2016 2:03
6078708320,application/x-excel,.docx,ultrices.xls,1/28/2008 19:24,3/3/2017 8:24
59010409890,application/x-troff,.png,vel accumsan.t,7/29/2001 0:15,5/16/2018 12:11
99055004768,application/x-seelogo,.jpeg,sit amet justo.sl,9/7/2003 1:54,12/17/2016 6:39
96081402306,image/pict,.pdf,erat.pict,4/6/2008 8:53,1/10/2017 5:31
66018202707,application/pdf,.jpeg,quis orci.pdf,12/5/2005 5:39,10/13/2019 16:46
90017901327,application/x-livescreen,.jpeg,primis in.ivy,10/21/2016 19:22,6/16/2020 6:09
13014109189,image/jpeg,.jpeg,pede venenatis.jpg,10/31/2003 3:11,7/9/2020 5:16
87022308432,audio/nspaudio,.docx,diam in.la,2/8/2003 6:17,7/23/2018 15:00
21081105371,video/x-msvideo,.docx,amet sem.avi,8/4/2015 19:12,3/26/2015 5:04
52054704377,application/x-123,.pdf,rutrum rutrum.wk1,11/12/2000 18:33,8/15/2020 17:23
51098005499,application/x-troff-man,.pdf,sollicitudin mi sit.man,7/30/2012 21:40,8/12/2015 19:46
44030906186,application/x-internett-signup,.docx,amet cursus.ins,4/9/2003 15:23,12/13/2018 8:47
70041804542,application/wordperfect6.1,.jpeg,hac habitasse platea.w61,10/3/2014 7:34,10/10/2018 4:41
27042206897,text/mcf,.jpeg,sit.mcf,11/28/2016 13:59,1/30/2016 19:57
71034206266,video/x-mpeg,.docx,hendrerit at.mp3,8/13/2005 7:05,4/14/2019 11:59
99068900829,application/x-excel,.png,suspendisse.xld,6/20/2014 6:43,11/5/2019 3:01
48017701520,application/octet-stream,.pdf,posuere cubilia curae.bin,8/4/2012 7:46,3/29/2017 5:56
77088202087,video/vnd.vivo,.png,vestibulum.vivo,1/10/2016 3:46,6/15/2015 17:18
40042105650,application/octet-stream,.docx,commodo vulputate justo.psd,9/16/2000 17:10,9/3/2016 11:24
49061707310,paleovu/x-pv,.docx,volutpat eleifend donec.pvu,12/12/2008 21:50,12/17/2015 9:34
4071603478,text/x-sgml,.docx,leo pellentesque ultrices.sgml,10/17/2014 5:16,5/15/2016 10:59
54032104057,application/vnd.xara,.png,congue.web,12/25/2003 23:52,10/30/2017 14:27
56050608490,image/florian,.jpeg,ut.turbot,9/14/2003 6:39,6/18/2018 23:30
8048605637,application/octet-stream,.pdf,erat eros.o,2/2/2013 1:34,1/19/2020 6:54
82056400268,application/x-visio,.png,sapien cursus vestibulum.vsd,7/28/2012 8:15,1/30/2018 4:38
11075201059,image/florian,.docx,scelerisque quam turpis.turbot,5/30/2003 10:40,11/23/2018 18:45
61002609382,audio/x-vnd.audioexplosion.mjuicemediafile,.jpeg,vestibulum sagittis sapien.mjf,6/6/2000 8:38,1/10/2020 5:22
52071104972,application/x-javascript,.png,vulputate luctus.js,8/31/2013 16:39,7/21/2017 8:57
84080705850,application/octet-stream,.png,pede ullamcorper.arj,2/23/2015 22:23,9/11/2017 2:29
68047503969,application/x-cmu-raster,.jpeg,ut odio.ras,9/7/2010 18:29,5/22/2016 16:14
49084603122,video/dl,.pdf,in tempus sit.dl,6/30/2002 17:33,3/29/2017 10:41
69094804756,audio/x-wav,.jpeg,placerat praesent blandit.wav,2/11/2010 12:51,6/16/2015 6:07
15097909232,audio/tsp-audio,.png,neque.tsi,11/1/2015 18:04,9/10/2020 1:33
41075206649,application/x-excel,.jpeg,ornare consequat lectus.xlw,11/22/2013 7:23,7/27/2020 4:19
49005202471,application/x-envoy,.docx,mi.evy,12/22/2011 20:49,5/16/2019 9:47
99063603187,application/vnd.ms-powerpoint,.jpeg,vestibulum sed magna.pps,10/28/2006 7:51,10/15/2016 12:13
78054801372,image/cmu-raster,.png,congue risus.ras,11/9/2009 21:50,9/2/2019 16:56
37045908832,text/html,.pdf,platea.htx,5/22/2005 20:56,2/13/2017 10:53
78026507970,audio/mpeg,.docx,orci.mpg,10/30/2003 2:55,7/16/2019 13:21
72013409329,application/octet-stream,.png,ligula.lzh,8/30/2018 17:29,7/16/2015 8:35
53074704624,video/gl,.pdf,justo pellentesque.gl,6/30/2008 0:06,7/17/2018 17:48
71008906272,text/plain,.pdf,dignissim vestibulum.txt,12/28/2009 17:33,10/12/2017 16:53
78031702077,text/vnd.wap.wml,.pdf,felis.wml,8/21/2013 10:26,9/5/2016 23:09
55051008948,application/octet-stream,.png,vulputate vitae.arc,5/31/2011 15:37,6/2/2016 21:24
3047000506,application/excel,.pdf,nisi eu.xlc,5/14/2017 1:50,8/12/2016 22:16
3014400548,chemical/x-pdb,.docx,erat.xyz,10/13/2006 16:47,7/10/2017 19:10
92070601657,application/mspowerpoint,.png,arcu sed.ppt,11/23/2012 2:08,8/21/2017 15:44
76096601887,audio/x-mid,.png,arcu.midi,3/11/2016 17:02,10/23/2019 9:06
65006807265,audio/x-mid,.docx,enim leo.midi,6/27/2000 8:24,8/13/2018 7:38
41055909208,application/x-zip-compressed,.jpeg,nullam sit.zip,9/14/2017 10:46,3/18/2019 1:13
53059508484,application/vnd.ms-excel,.pdf,donec.xls,7/27/2005 11:04,10/25/2016 20:38
66069903682,application/powerpoint,.png,vestibulum.ppt,3/6/2004 9:11,6/1/2016 17:19
61015903721,image/x-quicktime,.png,quis libero.qif,12/26/2009 16:13,7/30/2016 13:33
24059507573,text/plain,.pdf,cras non.log,8/29/2005 0:32,6/15/2017 9:14
23097606191,application/x-bzip,.pdf,cursus.bz,10/20/2018 8:21,4/16/2016 15:39
95048300210,application/x-cdlink,.jpeg,ut.vcd,8/15/2001 15:13,4/29/2020 0:50
56094003871,application/futuresplash,.pdf,quisque id justo.spl,7/26/2015 7:55,12/23/2019 21:15
32009307725,application/octet-stream,.png,facilisi.uu,4/16/2013 13:23,6/12/2020 20:06
45046508346,application/x-excel,.jpeg,sed magna at.xlt,8/13/2011 8:15,11/29/2017 14:29
16020304331,text/plain,.pdf,eros viverra eget.m,4/3/2006 2:01,1/6/2021 0:10
35023104837,application/pdf,.docx,ligula in.pdf,10/2/2004 6:39,11/26/2016 2:04
56088705346,application/x-excel,.png,sapien in sapien.xlc,1/4/2010 11:14,5/10/2018 6:56
81021706150,application/cdf,.pdf,augue.cdf,4/25/2009 2:09,1/2/2019 23:46
43036304878,text/html,.png,tincidunt.html,12/28/2001 14:06,2/22/2017 12:15
29055307055,application/wordperfect,.pdf,blandit.wp6,8/3/2011 1:35,3/13/2018 21:20
63049306736,application/excel,.jpeg,etiam pretium iaculis.xld,2/11/2006 14:50,5/12/2020 17:52
88044305224,text/x-c,.png,a feugiat et.c,5/11/2015 13:41,10/14/2018 8:29
38053109485,image/x-xwd,.docx,porttitor id consequat.xwd,12/30/2010 6:51,5/13/2016 15:58
98047401247,image/x-dwg,.docx,sed.svf,2/18/2008 10:15,7/11/2017 22:50
68075508220,application/mspowerpoint,.jpeg,elementum pellentesque.pot,3/6/2010 7:58,12/9/2019 9:08
25013207219,text/richtext,.docx,urna ut.rt,11/28/2013 18:24,2/14/2020 15:58
71009600242,video/avs-video,.png,nunc viverra dapibus.avs,7/25/2018 9:41,12/22/2016 6:28
44002106644,application/sounder,.jpeg,pellentesque ultrices.sdr,2/23/2004 1:32,2/16/2017 18:03
52033706814,audio/x-twinvq-plugin,.png,eros viverra eget.vqe,2/26/2008 15:03,4/1/2018 13:21
10062300357,text/webviewhtml,.jpeg,porttitor lorem id.htt,2/14/2008 11:04,7/25/2017 10:59
81074204737,application/x-wintalk,.docx,dui proin.wtk,12/12/2000 10:14,1/22/2016 3:54
67041703629,audio/voc,.pdf,ante vestibulum ante.voc,8/13/2013 2:57,8/23/2017 19:51
4049405121,application/x-excel,.pdf,primis in faucibus.xla,10/4/2008 0:08,2/21/2020 19:59
26074205085,image/x-pcx,.jpeg,a nibh in.pcx,4/19/2007 21:26,1/11/2018 13:03
75092307538,application/excel,.jpeg,convallis duis.xld,9/23/2011 0:21,9/21/2018 5:09
92001303804,text/html,.jpeg,et magnis.htm,6/13/2012 0:33,4/19/2017 12:05
59052706484,application/pkix-cert,.jpeg,phasellus id.cer,4/6/2004 13:34,12/29/2019 19:26
12001701793,video/vnd.vivo,.jpeg,eu.vivo,4/19/2012 5:49,10/16/2018 2:58
95011303073,application/x-shar,.png,vestibulum proin.shar,12/31/2010 3:18,3/13/2020 18:15
93044007943,application/x-hdf,.pdf,odio porttitor id.hdf,7/17/2016 0:38,3/10/2020 3:16
88042607010,application/ecmascript,.docx,viverra.js,2/18/2002 15:52,4/24/2019 14:53
53017009399,application/x-sv4crc,.docx,ac nulla.sv4crc,3/18/2004 9:39,8/26/2016 5:20
61059305592,text/plain,.docx,vestibulum rutrum.cxx,3/5/2002 3:46,5/22/2015 2:05
63069600468,video/gl,.png,velit nec nisi.gl,4/28/2018 15:43,3/7/2019 13:16
12087907621,application/vnd.ms-excel,.jpeg,sit amet.xlc,2/6/2018 7:24,11/7/2015 1:25
78010605014,model/vrml,.docx,lectus suspendisse.wrl,5/15/2018 22:57,7/11/2017 23:01
53019904641,application/excel,.png,ut ultrices.xls,10/13/2018 23:14,6/22/2019 6:16
80070106439,image/x-xpixmap,.docx,ipsum.pm,6/1/2019 0:57,1/23/2015 9:53
4004102324,text/html,.pdf,rutrum.shtml,5/8/2004 7:51,1/25/2015 4:32
13086304565,application/x-koan,.pdf,elementum.skd,12/9/2011 17:58,12/9/2019 17:07
99051602803,application/x-cmu-raster,.pdf,at vulputate.ras,11/5/2000 18:35,4/18/2019 20:00
65036505257,video/x-motion-jpeg,.pdf,placerat praesent blandit.mjpg,3/14/2006 10:39,9/23/2019 5:28
96006102899,application/x-cdlink,.jpeg,eros elementum pellentesque.vcd,1/21/2012 20:04,7/6/2018 2:37
84074602476,model/vrml,.pdf,vivamus.wrz,5/31/2013 0:21,12/31/2016 12:36
66047300537,audio/midi,.jpeg,aenean fermentum.mid,9/29/2007 11:56,11/15/2018 5:20
66097504829,application/x-excel,.png,donec.xll,11/4/2011 6:24,7/5/2015 5:17
42019203506,application/x-midi,.png,sit amet diam.mid,1/26/2009 10:18,6/17/2015 18:21
18044107128,application/x-world,.pdf,integer.svr,11/19/2002 11:12,12/2/2015 20:36
58046202338,video/mpeg,.pdf,fusce.mp2,12/30/2011 0:34,9/25/2015 13:45
72082408849,application/octet-stream,.docx,nullam sit amet.zoo,3/26/2016 16:33,3/28/2015 22:41
2044801763,application/octet-stream,.docx,potenti in eleifend.uu,4/30/2012 1:57,10/19/2017 18:00
60094903966,application/vnd.hp-pcl,.png,libero.pcl,10/12/2009 15:13,10/15/2016 13:03
30006507314,application/x-pointplus,.docx,in.css,7/21/2018 7:52,11/22/2017 9:53
10030907664,application/x-navi-animation,.png,nisl venenatis lacinia.ani,12/1/2015 0:52,8/26/2018 21:54
95099108071,application/mac-binhex,.pdf,purus.hqx,7/28/2004 4:53,6/4/2016 11:45
76089509406,application/x-elc,.docx,velit.elc,7/18/2017 10:37,9/18/2016 16:09
3023309914,video/x-sgi-movie,.docx,lorem.mv,6/29/2002 23:46,10/12/2015 6:53
58031708785,audio/mpeg,.jpeg,turpis adipiscing.mpga,7/23/2001 18:33,1/17/2019 16:46
25004207154,application/vnd.hp-hpgl,.png,quisque.hpgl,12/29/2009 19:50,3/21/2016 14:56
42015202965,application/x-latex,.png,primis in faucibus.latex,9/21/2002 2:06,5/1/2016 17:57
77088406869,application/mac-compactpro,.jpeg,mauris.cpt,9/16/2015 23:56,2/14/2015 14:19
7019502927,text/x-uil,.png,consectetuer adipiscing elit.uil,6/17/2016 5:04,6/2/2019 19:57
84034208881,application/x-omcregerator,.png,sapien.omcr,5/24/2013 0:16,5/29/2018 14:34
74063204667,application/x-cmu-raster,.jpeg,id pretium.ras,6/1/2010 13:45,11/27/2020 5:21
14039606433,image/x-dwg,.jpeg,consectetuer adipiscing.dxf,5/16/2018 0:29,9/9/2017 14:41
68011602745,application/ecmascript,.docx,id lobortis.js,4/13/2010 9:19,5/6/2015 19:51
48088707477,application/vnd.hp-pcl,.pdf,in quam.pcl,9/12/2007 19:35,10/1/2019 8:17
48020608452,text/x-script.zsh,.png,accumsan tortor quis.zsh,10/19/2011 19:40,3/24/2015 22:22
88010903441,application/x-bsh,.pdf,tristique est.bsh,3/15/2012 1:58,3/26/2018 10:52
1014703371,video/x-msvideo,.jpeg,duis aliquam.avi,6/6/2017 9:02,4/1/2017 0:58
40043309351,application/x-ustar,.jpeg,blandit lacinia.ustar,12/12/2002 15:18,7/6/2017 6:29
58057709549,application/groupwise,.png,lobortis vel.vew,4/16/2000 12:25,1/27/2015 17:35
34028901091,application/pro_eng,.png,venenatis non sodales.prt,7/27/2019 12:27,8/3/2018 5:39
69029507727,application/x-javascript,.docx,suspendisse.js,1/18/2014 7:57,5/16/2017 7:53
28039503921,video/dl,.png,nunc proin at.dl,7/17/2018 16:01,3/3/2016 7:14
47066900200,application/x-sprite,.docx,in faucibus orci.sprite,7/10/2003 14:33,7/26/2018 3:35
72028904598,application/vnd.ms-pki.stl,.docx,ut nunc.stl,1/9/2016 14:54,8/1/2020 10:58
67072800090,application/x-internett-signup,.docx,iaculis justo in.ins,11/2/2004 18:39,4/1/2020 14:45
15087003218,audio/tsp-audio,.png,curabitur at ipsum.tsi,7/30/2014 5:01,7/27/2016 1:42
99070401971,audio/x-aiff,.docx,est.aifc,11/16/2005 0:28,11/18/2019 6:30
21037705260,x-world/x-vrml,.pdf,nulla neque libero.wrz,1/22/2008 20:23,10/29/2017 16:37
43035009397,audio/x-midi,.jpeg,pellentesque ultrices mattis.midi,7/29/2014 6:06,4/2/2019 9:45
53026309264,text/plain,.jpeg,molestie.h,4/24/2017 17:48,4/20/2019 4:29
8077802092,audio/basic,.png,nec nisi vulputate.au,3/19/2007 1:28,3/30/2016 12:12
52020708347,text/plain,.docx,lorem ipsum.f,4/24/2004 16:00,12/31/2020 2:55
98016008248,drawing/x-dwf (old),.jpeg,non ligula.dwf,7/1/2017 1:46,7/27/2018 15:48
33003805206,application/x-tex,.docx,vestibulum aliquet.tex,10/20/2009 0:28,11/28/2016 7:19
26040300790,audio/x-mpeg-3,.jpeg,in.mp3,5/7/2005 18:34,11/11/2020 12:20
33014604789,application/x-netcdf,.jpeg,diam in magna.cdf,3/15/2011 7:56,4/3/2016 13:48
13024608745,text/plain,.pdf,vestibulum sagittis.idc,6/9/2015 10:02,3/16/2017 4:38
77033405710,video/vosaic,.jpeg,justo.vos,5/26/2015 5:20,11/22/2017 20:41
44080502421,application/x-bytecode.elisp (compiled elisp),.docx,pellentesque.elc,8/13/2009 6:28,6/23/2015 4:31
77038008958,text/html,.jpeg,quis turpis.html,9/14/2007 6:18,1/31/2019 10:18
26051508478,image/x-quicktime,.docx,id pretium iaculis.qti,2/4/2006 12:18,2/6/2016 15:33
99009903512,image/pjpeg,.pdf,semper est quam.jpg,4/27/2014 1:34,1/7/2018 8:57
72022406261,image/x-windows-bmp,.docx,risus praesent lectus.bmp,7/12/2001 19:14,6/10/2016 6:07
81016408031,audio/x-nspaudio,.pdf,quisque erat.lma,12/27/2014 16:52,9/7/2020 18:39
92027906965,text/plain,.pdf,dui luctus rutrum.hh,1/14/2013 2:21,2/14/2015 11:00
41067501987,audio/x-gsm,.docx,dis.gsm,7/23/2017 10:09,8/27/2019 17:30
64083507814,application/vnd.ms-pki.stl,.jpeg,molestie lorem.stl,6/23/2007 4:28,5/13/2020 2:12
14072704427,application/x-authorware-map,.docx,cursus vestibulum proin.aam,2/12/2013 3:20,4/27/2017 21:13
38050904632,text/x-la-asf,.jpeg,orci.lsx,5/17/2012 13:10,12/13/2017 5:12
76033704558,application/x-binary,.jpeg,sed vel enim.bin,12/20/2007 10:40,1/18/2018 17:12
46032907386,image/vnd.net-fpx,.png,nunc rhoncus dui.fpx,4/9/2010 23:45,9/27/2016 18:55
89027801018,application/x-internett-signup,.jpeg,sem.ins,6/16/2018 0:54,8/25/2020 17:49
86099602308,audio/vnd.qcelp,.jpeg,eu orci.qcp,9/2/2015 0:04,3/16/2018 4:43
96080503336,text/plain,.jpeg,est phasellus.c++,7/26/2014 9:43,4/14/2020 16:26
86001200086,application/x-tex,.jpeg,quisque.tex,6/8/2005 14:19,1/6/2020 16:49
48066901731,application/vnd.nokia.configuration-message,.docx,id luctus.ncm,7/3/2017 14:44,9/26/2018 3:26
7028605591,application/x-midi,.docx,donec.mid,5/8/2008 10:15,5/4/2018 22:41
43076601408,application/x-bcpio,.docx,imperdiet nullam.bcpio,2/19/2001 21:41,10/23/2017 8:04
23047506545,application/x-pkcs12,.docx,sapien.p12,6/3/2008 17:17,1/7/2020 7:59
95055209383,application/x-csh,.docx,porttitor id consequat.csh,2/18/2002 20:51,1/23/2015 4:06
14032500173,application/vnd.hp-pcl,.docx,rutrum neque.pcl,2/10/2005 1:31,5/30/2015 20:01
19070603030,image/pjpeg,.jpeg,erat vestibulum.jpe,3/1/2017 6:15,8/3/2015 19:35
33040104722,audio/mpeg,.png,quis turpis sed.m2a,11/25/2019 22:16,6/18/2020 19:39
31063001596,image/bmp,.docx,vel augue vestibulum.bm,2/5/2018 10:09,2/25/2017 7:50
41080208694,audio/basic,.png,turpis.snd,10/22/2011 19:23,3/22/2019 10:06
95052600972,video/animaflex,.docx,in.afl,11/19/2008 23:09,4/20/2018 8:00
2018704532,audio/midi,.jpeg,sed interdum.mid,5/19/2009 1:19,6/1/2016 20:52
52058005711,music/crescendo,.png,nec condimentum neque.midi,11/25/2008 16:44,10/5/2017 12:26
33087207841,application/x-navistyle,.png,felis eu sapien.stl,9/19/2015 14:16,5/2/2019 8:41
50082000383,text/uri-list,.docx,nulla.uri,7/8/2003 13:24,4/12/2020 14:21
92005004263,application/x-pkcs7-mime,.jpeg,sed.p7m,3/4/2002 4:15,6/7/2018 13:22
13056505525,application/x-koan,.png,donec vitae nisi.skt,9/22/2017 3:53,2/19/2015 23:44
59020906276,text/x-la-asf,.png,enim lorem.lsx,5/4/2002 22:25,3/5/2017 23:40
47078702299,image/vnd.rn-realflash,.png,elementum eu.rf,7/18/2006 16:19,4/28/2019 15:24
30075609133,application/vnd.rn-realplayer,.pdf,ullamcorper augue a.rnx,1/3/2017 17:23,9/14/2019 12:33
55082008775,application/x-gzip,.jpeg,tincidunt lacus at.gzip,1/5/2005 8:03,6/20/2015 11:30
61030306789,text/pascal,.jpeg,eget nunc donec.pas,4/21/2012 22:23,3/13/2015 13:31
45030706288,image/vnd.xiff,.jpeg,turpis integer.xif,8/25/2000 5:28,8/18/2020 8:25
34084900078,video/vosaic,.docx,in.vos,11/28/2012 15:06,10/27/2017 21:29
18096709960,audio/wav,.jpeg,blandit nam.wav,9/29/2014 6:24,9/25/2018 7:30
2062405152,text/x-c,.docx,praesent id massa.cc,9/19/2016 5:03,11/15/2017 9:40
30029506025,video/vivo,.docx,nec dui luctus.vivo,11/3/2013 17:55,12/9/2017 3:41
14001502089,audio/mpeg,.docx,sapien ut.mp2,6/3/2018 20:20,1/22/2018 4:21
45044707845,text/tab-separated-values,.png,in.tsv,4/25/2009 15:00,10/11/2017 18:53
79078107257,application/x-troff,.pdf,mauris viverra.roff,4/5/2016 5:53,4/23/2017 9:15
40061100843,application/x-internett-signup,.jpeg,aliquet.ins,12/28/2019 21:25,7/30/2018 4:17
43018002881,image/x-niff,.png,nunc commodo.niff,7/1/2017 3:37,1/2/2021 11:58
88090506391,application/x-nokia-9000-communicator-add-on-software,.pdf,libero.aos,9/9/2011 3:04,5/5/2015 20:00
91030004934,application/hlp,.png,posuere felis sed.hlp,5/21/2009 4:25,9/23/2019 7:49
6023303519,audio/x-mod,.pdf,eu est.mod,4/9/2013 15:24,6/24/2018 11:06
20060009181,application/excel,.docx,fusce.xls,4/18/2017 20:22,2/12/2017 8:09
66014609015,text/plain,.docx,sit amet.jav,6/24/2002 2:40,2/8/2017 17:17
62007107288,application/x-world,.docx,pulvinar.wrl,2/14/2010 5:17,3/24/2019 1:51
17086001083,text/asp,.pdf,pellentesque volutpat dui.asp,8/4/2016 12:04,9/21/2018 18:44
74042105148,application/x-conference,.jpeg,vel pede morbi.nsc,6/5/2006 16:02,11/20/2015 2:38
65077501449,video/avs-video,.pdf,maecenas rhoncus.avs,9/12/2013 10:24,7/19/2015 5:44
66074209900,audio/make,.docx,molestie nibh.funk,5/25/2002 22:17,9/21/2015 8:05
2012909094,text/html,.docx,ante ipsum.shtml,1/6/2004 14:12,7/3/2015 20:44
73095503362,application/pkix-cert,.jpeg,purus.cer,1/23/2009 20:05,11/28/2015 12:09
42093000671,application/mspowerpoint,.pdf,id lobortis.ppz,7/3/2009 22:15,7/11/2020 22:15
67057000655,application/x-pixclscript,.jpeg,vulputate elementum.plx,1/12/2020 18:54,4/14/2019 15:52
17020804569,application/vda,.pdf,ipsum.vda,12/31/2010 17:39,3/24/2016 11:25
77021409829,application/wordperfect6.0,.docx,tellus semper interdum.w60,4/22/2016 7:17,11/19/2016 22:55
40089901719,text/plain,.docx,id.f90,8/13/2013 11:58,10/8/2017 18:46
79079707248,video/x-amt-demorun,.jpeg,lacinia nisi.xdr,10/23/2008 22:09,11/25/2020 21:06
70031406770,text/x-component,.png,interdum venenatis turpis.htc,4/29/2004 14:57,1/31/2016 1:23
88087805843,application/x-tar,.docx,amet.tar,6/30/2010 20:02,1/9/2020 6:13
71009507699,chemical/x-pdb,.docx,cursus urna.pdb,10/26/2000 19:24,5/5/2018 14:24
98033503371,text/javascript,.png,sit amet sem.js,11/17/2000 18:43,11/10/2015 23:36
28083207190,application/x-midi,.jpeg,primis in.mid,10/1/2008 16:08,12/26/2020 4:28
59013007470,application/x-omc,.png,massa id.omc,9/30/2009 8:10,8/6/2016 11:48
54031803670,application/vnd.ms-pki.stl,.docx,venenatis turpis.stl,2/9/2019 19:14,12/28/2016 4:59
14042602884,x-world/x-3dmf,.docx,accumsan tortor.qd3,2/3/2018 22:15,1/7/2016 4:43
82044303598,audio/midi,.docx,nam tristique.midi,1/24/2007 3:34,11/15/2017 20:49
36007505683,text/uri-list,.docx,sit amet.uris,7/30/2014 18:19,9/13/2018 17:41
98072102122,video/x-dv,.pdf,ipsum primis in.dv,5/24/2005 3:55,4/8/2017 11:40
29060503130,application/octet-stream,.docx,tortor.lzh,12/24/2006 7:31,2/14/2019 11:49
93031606010,image/tiff,.docx,consequat.tiff,5/19/2011 9:59,5/7/2017 14:41
77047507387,application/hlp,.pdf,purus eu.hlp,8/22/2014 9:31,9/4/2017 14:34
78056009547,image/pjpeg,.pdf,iaculis diam.jpg,2/13/2005 15:35,8/28/2019 5:19
98092307545,text/plain,.docx,diam.com,8/4/2003 23:54,4/7/2017 2:21
93029800979,application/x-project,.jpeg,sed augue.mpx,3/11/2017 23:53,8/26/2020 7:21
19020206145,application/x-troff-msvideo,.docx,in felis.avi,1/10/2002 12:26,10/11/2020 7:02
75019500122,application/x-troff,.png,in.tr,7/27/2016 13:30,9/9/2019 3:09
72035809822,audio/mpeg,.pdf,non.mpa,4/13/2000 22:03,2/28/2017 23:10
55083508548,audio/x-nspaudio,.png,ut.lma,10/14/2018 3:45,9/12/2018 20:43
83013101766,audio/x-au,.pdf,cum sociis natoque.au,11/11/2016 10:36,5/4/2015 0:21
80088909435,application/x-lzh,.docx,turpis.lzh,8/25/2011 3:50,9/1/2017 8:49
67085403865,application/x-vnd.ls-xpix,.pdf,hac habitasse.xpix,3/3/2016 3:21,7/29/2020 7:07
1032708954,application/envoy,.png,nulla suscipit ligula.evy,11/6/2009 13:40,1/2/2018 13:25
13057701743,application/postscript,.pdf,velit eu est.ps,2/6/2008 17:34,10/26/2018 13:31
92013600217,video/x-dv,.jpeg,elit proin.dif,10/2/2010 23:57,3/18/2017 18:16
34059002700,image/gif,.docx,justo maecenas.gif,10/8/2008 1:55,6/10/2015 5:00
56054100128,application/x-texinfo,.docx,condimentum curabitur.texinfo,1/5/2020 7:29,12/2/2019 6:56
86046304188,text/plain,.docx,sed ante.lst,1/7/2003 7:52,4/25/2018 18:28
61090908277,application/x-shockwave-flash,.png,condimentum.swf,12/29/2007 5:52,7/27/2017 14:47
10035604742,application/x-excel,.png,luctus nec.xlc,1/20/2005 0:15,12/19/2016 4:23
27088705874,application/vnd.ms-excel,.docx,eget.xlb,12/6/2019 18:55,1/28/2017 15:03
34061803063,text/x-java-source,.jpeg,in.jav,3/21/2012 12:12,1/22/2018 6:15
44055200854,application/mswrite,.jpeg,elementum in hac.wri,12/24/2011 7:02,8/25/2017 20:49
13076905781,application/wordperfect6.1,.pdf,luctus et.w61,12/3/2011 18:26,4/1/2019 22:07
28073105202,application/x-excel,.pdf,nulla eget eros.xlv,11/23/2007 23:16,7/13/2016 10:07
4072302766,application/octet-stream,.docx,dui maecenas.lha,11/30/2003 22:44,2/12/2017 22:53
99047705257,application/octet-stream,.docx,lorem.com,9/23/2003 4:26,7/28/2017 16:16
90011608992,application/x-envoy,.jpeg,sapien.env,2/25/2010 18:00,2/25/2018 18:04
25066600098,application/vnd.rn-realmedia,.jpeg,donec ut.rm,1/22/2019 3:12,12/17/2019 9:56
75039508144,application/iges,.jpeg,eleifend.iges,3/13/2018 0:00,11/6/2020 15:31
82032000253,application/step,.docx,vel nisl.stp,4/26/2002 21:03,3/29/2016 1:43
51072601738,video/mpeg,.docx,ligula in lacus.mpe,9/7/2003 4:14,3/24/2015 6:01
13097802032,application/acad,.pdf,semper sapien.dwg,7/19/2008 18:01,7/24/2019 17:01
74048906291,application/x-aim,.docx,tellus.aim,4/5/2017 18:38,7/12/2016 3:18
3041804742,application/x-bzip,.docx,dui vel sem.bz,11/25/2017 21:17,3/19/2020 2:12
71008107376,application/pdf,.png,eget.pdf,12/19/2008 15:13,8/29/2017 11:39
84051305832,application/x-world,.jpeg,iaculis justo in.svr,9/27/2018 13:13,1/25/2016 1:36
69085107645,image/x-jg,.docx,tellus nisi eu.art,4/20/2010 18:30,2/26/2018 9:38
86087805402,application/x-shockwave-flash,.jpeg,est.swf,2/7/2011 16:05,1/9/2018 11:37
43004008017,text/plain,.pdf,tincidunt eu.h,4/16/2007 18:45,1/11/2020 16:36
3506683,application/x-sprite,.jpeg,rutrum rutrum.spr,11/1/2004 4:59,4/1/2017 9:56
55085300191,application/x-bsh,.png,condimentum.sh,9/13/2016 18:28,2/3/2018 20:37
72057808245,application/octet-stream,.pdf,aliquam non mauris.arj,2/10/2000 4:56,12/26/2016 6:29
39018107825,application/pkcs7-mime,.png,primis.p7c,8/18/2013 22:01,9/5/2017 11:44
54080406664,application/x-envoy,.png,ultrices mattis.evy,10/3/2015 3:35,2/7/2015 16:26
9039108903,video/x-dl,.png,orci vehicula condimentum.dl,3/28/2017 10:13,4/14/2019 10:47
22084104944,text/x-fortran,.jpeg,vestibulum rutrum rutrum.f,1/20/2001 3:04,12/23/2020 23:17
36016607434,application/x-binary,.jpeg,nisl duis.bin,9/3/2013 9:12,6/4/2019 1:04
1085506814,model/vrml,.pdf,at diam nam.wrz,4/15/2015 2:50,7/6/2015 1:58
96024901339,application/x-chat,.png,non velit nec.chat,1/11/2017 12:46,7/6/2017 12:08
20025003486,application/x-koan,.pdf,amet eros.skd,12/14/2010 21:48,6/2/2015 21:52
69017509786,audio/basic,.jpeg,a nibh in.au,10/26/2004 20:51,11/9/2018 20:01
48058605361,audio/nspaudio,.jpeg,phasellus.lma,9/16/2001 15:41,3/3/2015 16:07
70008005325,application/x-elc,.pdf,nulla ut.elc,7/4/2019 12:41,10/2/2020 23:59
23074005989,audio/x-pn-realaudio-plugin,.jpeg,ipsum primis in.ra,8/15/2000 9:16,9/13/2017 0:30
62024901438,application/x-conference,.pdf,magnis dis.nsc,2/22/2012 0:43,5/27/2019 8:48
55709504,x-world/x-3dmf,.png,at.3dmf,12/29/2018 18:32,7/29/2019 21:08
40073904608,application/x-gsp,.jpeg,in felis donec.gsp,6/10/2018 18:13,6/11/2015 2:17
36042905763,audio/x-aiff,.pdf,in tempor.aiff,1/31/2016 10:47,6/16/2018 6:14
16006606742,text/html,.docx,dolor quis.html,1/3/2018 6:11,12/2/2016 23:41
19054209171,application/x-pkcs10,.pdf,amet nulla.p10,3/19/2009 12:49,12/31/2018 0:38
82021505462,application/x-navidoc,.png,praesent.nvd,6/19/2001 22:19,5/10/2016 20:30
40090506789,audio/midi,.docx,vestibulum ante ipsum.midi,7/3/2008 2:25,12/20/2020 9:30
99055806569,application/x-binhex40,.png,consectetuer adipiscing elit.hqx,10/14/2010 2:52,4/22/2015 5:46
54001303148,image/x-xpixmap,.png,condimentum curabitur.pm,2/23/2011 13:47,1/4/2016 14:15
83014101014,application/netmc,.jpeg,tortor risus dapibus.mcp,10/24/2013 18:29,7/16/2019 10:23
67050307948,image/gif,.png,mauris.gif,5/21/2013 1:03,2/6/2019 1:28
19020107933,video/quicktime,.png,fusce lacus.moov,5/24/2004 10:15,9/18/2016 8:40
25087909201,audio/x-aiff,.docx,condimentum neque sapien.aif,7/8/2016 12:56,7/28/2019 20:08
8030204194,application/x-zip-compressed,.pdf,faucibus orci.zip,8/29/2016 3:16,6/16/2020 22:33
75037508414,application/x-gsp,.png,congue.gsp,6/7/2015 13:25,12/28/2016 10:54
18038700162,application/x-compactpro,.pdf,non mattis.cpt,4/28/2003 10:49,5/5/2019 7:10
59093404582,image/pjpeg,.png,a odio in.jpg,3/18/2001 16:11,12/30/2019 6:55
29083409454,application/excel,.pdf,eleifend luctus.xlk,9/21/2016 18:19,9/27/2016 14:51
72011102872,application/i-deas,.pdf,nisl nunc nisl.unv,10/2/2011 4:54,5/14/2019 6:43
58003603005,audio/aiff,.docx,posuere cubilia.aifc,6/9/2000 16:10,5/9/2019 13:09
95078907200,video/quicktime,.pdf,adipiscing.mov,3/13/2008 22:27,4/29/2017 14:48
77081403600,application/x-pcl,.docx,mollis.pcl,2/3/2018 0:18,9/8/2020 1:46
23054607264,music/crescendo,.png,odio elementum eu.midi,7/2/2014 0:20,4/7/2018 4:44
15085804840,message/rfc822,.docx,et.mime,11/1/2018 4:16,10/8/2017 11:05
47082202984,application/x-cocoa,.docx,a.cco,2/10/2017 18:41,2/10/2016 22:43
82065306071,application/zip,.jpeg,eros vestibulum ac.zip,11/16/2002 20:55,4/22/2018 23:26
13066804978,model/iges,.jpeg,elementum in hac.iges,12/17/2005 9:13,10/1/2016 10:37
43034304317,application/pkix-cert,.jpeg,ante ipsum primis.crt,11/28/2002 3:51,1/23/2019 15:31
1007609022,image/florian,.docx,convallis.turbot,11/3/2014 16:14,10/18/2018 4:46
56002101733,application/msword,.pdf,pretium iaculis.dot,5/24/2006 6:39,2/27/2019 20:07
22024009395,application/octet-stream,.png,vitae.arj,6/18/2011 4:37,11/8/2015 4:56
62083504814,application/x-bsh,.pdf,sapien quis libero.bsh,3/9/2002 20:23,12/17/2015 18:16
26024107416,application/x-pkcs12,.docx,sit amet consectetuer.p12,1/19/2004 8:50,2/13/2015 0:39
1044401563,text/x-la-asf,.pdf,vulputate elementum.lsx,7/13/2000 11:33,8/3/2020 18:36
4068209359,application/x-chat,.png,facilisi.cha,4/30/2017 8:50,1/7/2016 20:29
17050605504,application/cdf,.jpeg,eu sapien.cdf,10/14/2013 16:01,7/18/2017 3:00
91054609012,application/x-chat,.png,natoque penatibus.cha,4/4/2014 23:05,2/26/2020 19:53
50043207398,video/animaflex,.png,proin risus.afl,7/23/2009 21:29,10/17/2016 4:02
22038000729,application/x-qpro,.docx,vivamus in.wb1,5/8/2000 6:34,5/13/2019 6:21
14057302198,text/plain,.docx,libero.f90,3/23/2011 3:47,12/18/2020 14:31
9043706889,application/commonground,.png,vel dapibus at.dp,2/3/2006 11:51,10/21/2015 1:42
83044800234,application/vnd.hp-hpgl,.png,mi.hgl,11/14/2001 7:03,1/9/2021 15:31
99504679,application/x-dvi,.pdf,in.dvi,3/4/2007 10:01,11/1/2016 10:35
46035806829,text/x-script.tcsh,.jpeg,pretium.tcsh,9/30/2009 11:06,2/22/2015 20:41
52057407485,application/mac-compactpro,.png,sapien cursus.cpt,1/15/2012 8:27,1/9/2019 4:00
61084603289,application/x-aim,.pdf,tortor duis mattis.aim,3/12/2001 17:24,1/28/2019 5:20
1067907368,audio/x-twinvq-plugin,.pdf,nunc purus.vql,8/16/2001 3:51,12/25/2016 20:15
64036707272,application/mac-binary,.jpeg,habitasse platea dictumst.bin,9/20/2006 3:40,12/31/2020 22:17
38011904425,x-world/x-3dmf,.jpeg,diam.qd3d,4/28/2013 14:16,6/28/2017 0:49
14055706474,text/uri-list,.pdf,hac habitasse.uri,5/1/2014 16:14,9/29/2015 18:48
23076600739,application/vnd.ms-excel,.jpeg,sit amet erat.xll,3/28/2010 9:35,7/21/2017 12:28
64070104026,text/x-script.perl-module,.pdf,condimentum neque sapien.pm,1/16/2001 13:03,10/30/2018 23:31
2093402693,application/step,.png,odio donec vitae.stp,4/8/2001 22:15,9/2/2020 1:36
63062403379,audio/mpeg,.pdf,condimentum id.mpg,9/20/2002 8:43,3/10/2020 8:15
30063508605,application/octet-stream,.jpeg,non mattis pulvinar.dump,7/13/2018 14:24,1/3/2020 16:52
35018601018,application/x-project,.png,consequat metus sapien.mpc,11/17/2001 2:51,5/17/2017 10:57
24054908479,text/richtext,.jpeg,iaculis.rtf,8/25/2015 5:22,5/5/2015 5:13
39000909424,application/vnd.fdf,.jpeg,nullam porttitor lacus.fdf,11/21/2006 2:24,5/30/2017 7:14
94015304531,video/x-motion-jpeg,.jpeg,duis consequat dui.mjpg,8/5/2003 7:03,3/25/2018 3:58
98080208912,application/x-sh,.png,mauris.sh,11/6/2008 22:40,7/23/2018 20:43
48077807911,video/quicktime,.docx,suscipit.qt,10/20/2000 12:05,3/7/2019 7:03
86002601688,audio/make.my.funk,.jpeg,est congue elementum.pfunk,8/19/2015 21:04,3/26/2017 9:54
69017703124,image/naplps,.png,quis.naplps,1/16/2016 21:41,9/25/2017 3:40
41076008508,text/x-script.rexx,.docx,fermentum.rexx,1/22/2014 19:46,1/26/2015 11:16
82057802318,application/x-msexcel,.docx,mattis pulvinar nulla.xls,3/5/2018 14:30,9/24/2016 0:46
74012901771,text/x-script.rexx,.docx,odio.rexx,9/16/2001 2:35,5/9/2016 8:09
76075304374,application/x-troff-ms,.png,vel lectus.ms,8/3/2012 10:22,5/30/2017 1:21
58018302575,image/x-pict,.jpeg,augue.pct,8/6/2013 16:49,8/22/2019 3:53
74092706521,application/vocaltec-media-desc,.pdf,consequat.vmd,5/26/2006 5:55,11/16/2018 7:08
72042807222,application/postscript,.pdf,vestibulum velit.ps,9/8/2016 18:37,7/17/2018 18:12
97033002323,application/wordperfect6.1,.pdf,vivamus in felis.w61,6/14/2017 0:16,1/29/2019 9:16
96092509733,application/mspowerpoint,.pdf,interdum mauris ullamcorper.ppt,7/21/2006 7:55,12/6/2016 22:35
87030405618,application/x-troff-man,.pdf,curabitur at ipsum.man,9/6/2004 19:44,1/23/2018 23:18
2064008200,application/excel,.pdf,auctor sed.xld,7/12/2012 19:59,8/22/2019 12:01
70086502053,application/x-pagemaker,.docx,orci luctus.pm5,8/23/2008 12:57,3/5/2016 4:33
18007807033,application/x-esrehber,.png,in hac habitasse.es,2/18/2012 17:34,3/5/2015 19:24
77059103822,application/x-omcregerator,.jpeg,velit donec.omcr,4/12/2012 4:32,1/21/2017 11:50
31080003610,image/pict,.jpeg,nec nisi.pic,11/25/2018 6:57,4/2/2018 14:03
67016803117,application/x-sprite,.docx,nisl.sprite,10/10/2019 20:40,12/13/2019 16:37
89000005260,application/drafting,.docx,convallis duis.drw,10/6/2013 3:18,3/11/2019 23:17
99071102339,message/rfc822,.png,mauris sit.mht,10/18/2004 16:14,3/16/2019 18:35
37083504812,text/uri-list,.jpeg,aliquam.uni,8/17/2018 10:18,11/29/2017 2:20
73056801366,application/book,.pdf,sed nisl nunc.book,11/30/2001 22:33,8/14/2019 4:41
85087403131,application/x-cmu-raster,.jpeg,sapien varius.ras,6/17/2018 22:52,7/28/2020 14:58
30026100851,text/x-uil,.png,in.uil,7/26/2003 21:28,11/16/2019 6:05
27017702377,audio/x-gsm,.png,auctor sed.gsd,3/4/2008 13:33,7/4/2015 4:53
54002705341,application/octet-stream,.jpeg,mattis pulvinar.arc,12/31/2010 0:35,12/3/2018 16:21
34080309482,application/x-pointplus,.png,purus eu magna.css,9/10/2015 5:35,8/16/2017 1:09
95093401001,application/x-x509-ca-cert,.jpeg,condimentum neque sapien.der,6/28/2005 19:31,1/25/2016 17:10
17020304643,application/javascript,.pdf,aenean.js,4/22/2005 8:18,6/23/2018 15:47
88043506951,application/x-vrml,.png,vehicula.vrml,4/1/2010 14:16,11/21/2017 14:55
26011209210,application/vnd.ms-excel,.png,id lobortis convallis.xlw,6/9/2019 19:12,12/8/2019 22:38
16073403527,video/x-sgi-movie,.pdf,duis.mv,3/4/2018 1:47,9/21/2017 16:35
85033702968,audio/aiff,.pdf,congue.aifc,10/20/2017 12:01,1/12/2017 16:55
49084703410,application/x-pagemaker,.png,dolor sit amet.pm5,7/25/2002 2:39,1/17/2020 6:26
26006902922,x-world/x-svr,.png,pellentesque ultrices mattis.svr,5/19/2005 10:03,9/14/2020 13:17
42054802903,video/vnd.rn-realvideo,.png,nulla ut.rv,11/14/2004 7:46,6/21/2015 10:10
42060400152,multipart/x-ustar,.pdf,nascetur ridiculus mus.ustar,3/13/2009 11:50,9/11/2016 14:44
88059502214,application/vnd.xara,.docx,risus dapibus.web,7/9/2015 11:00,11/13/2017 16:16
6095806793,application/pro_eng,.docx,quisque id.prt,3/16/2008 4:20,7/15/2019 9:08
1092702426,video/quicktime,.png,ridiculus.mov,10/14/2010 9:30,10/3/2018 3:08
33038303581,application/plain,.pdf,lacus morbi quis.text,3/24/2017 15:24,11/12/2019 10:31
7072509928,application/binhex,.pdf,vitae.hqx,10/10/2002 21:06,2/18/2019 16:51
49013308935,text/plain,.docx,id nulla ultrices.h,6/6/2015 10:43,2/6/2015 0:11
60012301540,application/x-ip2,.docx,diam in magna.ip,5/9/2015 9:08,2/15/2015 23:34
61091706753,application/x-navidoc,.docx,eu est congue.nvd,10/19/2008 9:39,3/11/2019 20:51
43094706491,audio/make,.png,ut massa quis.pfunk,2/11/2019 15:32,9/9/2020 11:15
10055605122,application/i-deas,.jpeg,felis.unv,10/20/2010 20:58,3/31/2019 18:54
13073103982,application/vnd.hp-hpgl,.pdf,amet consectetuer adipiscing.hpgl,11/24/2014 10:01,9/22/2020 11:15
76013207133,application/x-envoy,.docx,eget.env,3/6/2016 8:58,3/20/2019 13:29
36024701417,application/excel,.png,condimentum curabitur.xla,4/4/2015 7:56,6/16/2018 7:04
99012607849,application/x-netcdf,.png,integer.cdf,1/8/2004 2:17,6/24/2019 10:35
6079601921,video/mpeg,.pdf,ante.m2v,7/5/2011 0:00,12/25/2019 16:26
86031404332,image/x-dwg,.pdf,nec condimentum.svf,9/24/2019 15:06,9/28/2020 19:10
80060908277,image/vnd.dwg,.pdf,eget nunc donec.dwg,2/26/2004 14:26,2/6/2017 9:30
49030605033,application/x-texinfo,.jpeg,semper interdum.texi,5/23/2012 17:02,9/23/2018 12:54
51021805884,application/x-latex,.pdf,mattis.ltx,11/23/2011 16:26,10/14/2020 1:13
14055905521,text/vnd.wap.wmlscript,.pdf,enim in.wmls,9/27/2012 8:10,5/30/2015 22:32
33038801386,application/x-wpwin,.docx,odio cras.wpd,3/1/2007 14:21,8/10/2018 17:23
80030306280,application/x-midi,.png,ut.mid,8/31/2006 15:34,8/23/2020 20:14
45030906833,application/mspowerpoint,.png,vitae nisi.pot,1/29/2011 1:19,11/12/2016 6:55
1057104169,application/hta,.png,id.hta,1/29/2012 19:28,8/14/2016 14:23
30091807857,application/x-compress,.jpeg,ultrices posuere cubilia.z,2/14/2019 0:56,11/27/2015 22:26
28003300493,application/mspowerpoint,.jpeg,turpis.ppz,3/19/2001 6:56,10/10/2017 4:55
16080009567,application/octet-stream,.jpeg,aliquet.psd,3/8/2019 16:53,11/25/2017 2:14
88067302200,text/x-script.phyton,.jpeg,a pede.py,8/24/2017 21:28,1/23/2016 8:23
87079709885,application/excel,.docx,donec pharetra magna.xld,2/9/2018 8:15,9/23/2020 10:05
87001609052,application/x-envoy,.jpeg,consequat ut nulla.env,9/24/2013 17:33,3/3/2019 10:17
60025007597,model/vrml,.docx,eu interdum eu.vrml,12/19/2014 11:26,9/4/2016 15:23
37071503103,application/rtf,.png,fusce congue diam.rtx,9/20/2005 22:35,10/31/2016 21:44
55015005376,image/jpeg,.pdf,at turpis donec.jfif-tbnl,7/15/2017 17:47,5/24/2018 14:44
2009604747,drawing/x-dwf (old),.jpeg,metus arcu.dwf,2/13/2005 9:51,5/21/2015 10:36
43051909095,image/ief,.png,varius.ief,4/30/2001 3:25,5/12/2015 0:56
52033907193,video/x-ms-asf,.jpeg,a.asx,3/3/2013 2:36,7/27/2019 4:31
12049602271,application/x-koan,.docx,felis.skm,6/1/2011 19:40,2/19/2019 7:56
74078904902,text/scriplet,.pdf,maecenas ut massa.wsc,11/28/2001 17:58,7/20/2015 21:59
80017402297,application/rtf,.docx,eu.rtx,5/14/2010 6:14,10/18/2016 8:51
98090304054,text/plain,.png,pulvinar sed nisl.h,12/26/2006 11:42,5/1/2018 0:27
99020904734,application/octet-stream,.docx,massa.lzh,4/5/2009 17:38,1/2/2018 5:04
43028201249,image/x-portable-greymap,.png,nibh fusce lacus.pgm,11/3/2004 2:13,6/9/2016 23:15
33039403471,text/x-script.csh,.pdf,luctus rutrum nulla.csh,2/2/2012 3:11,8/25/2019 8:53
4070006480,audio/mpeg,.pdf,pretium iaculis.mpg,11/23/2005 6:45,8/8/2019 17:19
89094404690,application/x-gsp,.docx,id massa id.gsp,12/9/2011 4:16,10/18/2015 2:59
5020200511,application/vnd.rn-realmedia,.png,adipiscing lorem vitae.rm,5/20/2006 2:53,3/7/2016 12:23
88020204243,application/octet-stream,.docx,enim.dump,2/5/2017 14:02,1/10/2021 13:09
76099300345,application/x-helpfile,.jpeg,dolor sit amet.hlp,7/17/2009 1:42,12/15/2017 14:08
30088207297,application/mspowerpoint,.docx,interdum mauris ullamcorper.pps,3/6/2005 9:23,8/3/2019 6:48
32092504710,application/x-inventor,.pdf,risus semper porta.iv,9/30/2014 5:08,9/6/2018 14:32
11013800455,application/pkcs7-signature,.pdf,metus arcu adipiscing.p7s,1/29/2006 5:24,9/5/2015 6:15
49070601100,image/cmu-raster,.docx,quam.ras,3/25/2017 1:23,3/17/2017 12:47
57085400719,text/plain,.jpeg,tincidunt eget.com,1/15/2014 16:34,12/17/2020 23:57
7044902646,application/hlp,.jpeg,posuere.hlp,12/28/2000 17:57,1/21/2017 0:36
18098205008,application/x-lotus,.png,nulla facilisi cras.wq1,4/15/2017 7:21,7/17/2020 22:39
52072509072,application/x-lzx,.jpeg,velit donec diam.lzx,7/29/2000 10:22,6/29/2015 8:19
1034003469,application/x-visio,.docx,nascetur ridiculus.vsd,6/20/2001 13:39,1/1/2020 4:00
67045707387,image/pjpeg,.png,aliquet maecenas.jpeg,1/13/2014 2:43,3/17/2020 0:51
42069406120,application/envoy,.pdf,in.evy,11/6/2016 22:12,2/13/2016 3:12
53075208901,application/x-bzip,.pdf,est risus auctor.bz,11/10/2008 19:47,7/13/2015 1:37
29094704615,video/x-amt-demorun,.docx,hac habitasse platea.xdr,11/29/2011 4:51,12/14/2016 0:51
69082707055,application/x-wintalk,.pdf,viverra.wtk,2/7/2005 15:54,8/18/2016 9:13
55068104051,audio/x-mpeg,.png,in sapien.mp2,8/16/2014 8:10,7/10/2015 21:48
43092903068,application/x-lzh,.jpeg,libero nam.lzh,5/8/2012 13:58,4/7/2015 13:04
16086502318,application/vocaltec-media-file,.png,non ligula.vmf,6/9/2002 8:22,10/7/2019 11:33
43043608914,application/x-newton-compatible-pkg,.pdf,aliquet at feugiat.pkg,5/28/2007 23:30,6/18/2016 4:25
35012205751,audio/midi,.pdf,congue elementum.kar,5/20/2003 11:47,2/24/2020 14:23
32052901249,text/html,.jpeg,suscipit ligula.htx,1/27/2012 13:47,12/27/2016 4:55
43039603480,x-music/x-midi,.jpeg,in quam.midi,12/23/2014 23:09,4/9/2015 6:43
23077208817,audio/x-pn-realaudio,.jpeg,in lectus.ram,11/27/2013 18:47,8/5/2019 22:13
96081806877,application/excel,.png,vel.xlw,3/9/2019 10:02,7/19/2017 19:28
11079301434,application/x-vrml,.docx,interdum eu tincidunt.vrml,1/6/2012 17:24,8/27/2020 19:31
94039808911,application/vnd.hp-pcl,.jpeg,luctus nec.pcl,6/23/2011 21:37,8/22/2016 12:24
64000701429,image/vnd.dwg,.png,nec euismod scelerisque.dxf,5/9/2010 3:26,10/17/2017 20:24
80022504878,xgl/drawing,.pdf,consectetuer adipiscing.xgz,3/16/2003 3:11,2/28/2015 6:37
72007808469,application/vnd.rn-realmedia,.jpeg,integer aliquet massa.rm,8/18/2006 9:41,8/1/2015 8:12
62006907950,text/x-setext,.jpeg,nulla quisque.etx,12/9/2005 5:24,3/13/2019 1:35
71004204991,image/cmu-raster,.jpeg,ipsum primis in.rast,12/21/2010 23:13,9/13/2020 18:32
91060600334,audio/mpeg,.docx,ac lobortis.mpa,9/30/2002 16:27,5/5/2015 8:30
39079007710,application/vnd.ms-pki.stl,.png,neque libero convallis.stl,6/23/2016 0:12,6/8/2016 2:21
4075504241,application/x-netcdf,.jpeg,lacinia eget.nc,5/31/2007 19:53,2/5/2020 3:15
14076802370,audio/x-twinvq-plugin,.png,ut nunc vestibulum.vqe,2/8/2002 17:57,10/1/2017 6:44
42051606417,audio/xm,.pdf,eget.xm,5/12/2014 7:54,10/10/2017 13:44
55056201592,image/x-dwg,.png,consequat nulla.svf,8/28/2017 17:29,7/11/2016 21:05
28057702501,image/vnd.rn-realflash,.pdf,sed.rf,1/10/2004 15:09,7/11/2019 0:07
1014302775,text/x-script.lisp,.png,lectus in.lsp,10/6/2018 22:00,9/29/2017 21:06
64092806814,application/vnd.ms-excel,.jpeg,tellus.xls,4/12/2012 15:39,9/18/2016 4:28
41004508854,text/plain,.png,lacus at turpis.g,7/30/2004 18:28,7/28/2015 21:05
13095509010,application/x-navi-animation,.jpeg,at nulla.ani,1/15/2017 6:46,9/22/2017 14:40
1001501921,x-conference/x-cooltalk,.pdf,sit.ice,2/10/2011 19:09,9/30/2015 19:08
72090601735,application/x-chat,.jpeg,id justo sit.cha,9/27/2017 13:09,8/19/2017 10:25
15086600756,application/x-hdf,.png,tristique est.hdf,12/10/2008 16:48,6/26/2016 0:12
95097501942,text/x-script.perl-module,.docx,purus aliquet.pm,10/28/2006 1:03,12/19/2015 7:26
50004208933,image/x-quicktime,.pdf,vehicula.qti,12/16/2013 22:25,7/18/2019 21:57
59080201810,video/x-ms-asf,.png,vestibulum velit.asx,10/7/2001 20:57,8/20/2020 23:27
35041002199,audio/x-pn-realaudio,.png,amet turpis elementum.ram,3/2/2011 0:24,8/3/2015 1:40
1047100170,application/x-visio,.docx,aenean sit.vsd,12/27/2002 13:17,6/6/2019 9:23
81001904290,text/plain,.png,platea.m,5/31/2014 17:27,11/4/2018 10:15
1084200508,model/iges,.pdf,nisl duis bibendum.igs,2/15/2005 13:38,3/21/2017 3:12
9060004746,application/x-msexcel,.pdf,integer.xls,9/25/2000 9:24,12/12/2015 17:58
20087206577,audio/wav,.jpeg,non.wav,2/25/2012 22:22,10/28/2017 12:57
45057801019,application/x-pkcs7-mime,.pdf,quisque porta.p7m,11/25/2013 20:44,1/27/2016 8:59
52068905667,text/x-sgml,.docx,nascetur ridiculus mus.sgml,6/10/2005 11:03,5/5/2017 4:28
31066406605,image/vnd.dwg,.jpeg,mi integer ac.dwg,11/20/2002 23:02,4/3/2018 1:41
47073804389,image/jpeg,.jpeg,rutrum neque aenean.jfif-tbnl,11/5/2002 20:45,2/23/2017 15:02
90019908739,application/vnd.hp-pcl,.jpeg,maecenas ut.pcl,5/29/2000 2:26,5/30/2015 22:23
37077804630,image/x-xwindowdump,.jpeg,bibendum imperdiet.xwd,1/16/2014 5:44,3/30/2017 15:59
46083603783,application/x-httpd-imap,.jpeg,donec odio justo.imap,12/12/2011 8:48,8/3/2015 17:18
51051208671,video/mpeg,.docx,luctus tincidunt nulla.m2v,7/2/2006 21:15,1/20/2019 20:27
14058209362,application/set,.pdf,magna vestibulum.set,1/18/2011 15:18,5/6/2015 6:00
33055700688,application/x-latex,.png,velit.latex,3/10/2003 1:59,1/31/2019 20:59
30076909002,application/x-pcl,.png,elit ac nulla.pcl,12/26/2004 12:27,4/29/2018 22:13
16018005275,text/x-c,.docx,ac enim in.c,3/1/2001 10:41,7/29/2018 2:39
86003808317,application/x-wais-source,.jpeg,elementum eu interdum.src,1/25/2015 4:36,12/6/2020 21:19
28072006305,audio/x-mid,.pdf,risus.midi,8/3/2001 9:11,2/16/2020 13:21
26055801370,application/lha,.docx,sit amet turpis.lha,1/11/2016 17:10,10/15/2019 6:56
98039900936,application/x-visio,.jpeg,volutpat quam.vsw,4/27/2014 4:20,2/7/2019 10:15
4007000077,application/pkcs-crl,.png,suspendisse.crl,11/18/2017 20:27,12/22/2015 8:56
89008207342,application/vocaltec-media-file,.jpeg,aliquam.vmf,2/14/2016 7:20,2/13/2020 18:43
1071808511,application/excel,.docx,vel accumsan tellus.xlk,9/28/2017 6:32,8/7/2016 18:52
17082303843,x-music/x-midi,.docx,volutpat convallis.midi,3/10/2015 13:51,8/19/2015 21:33
8066000524,text/asp,.png,sit amet turpis.asp,4/29/2013 11:56,12/22/2018 6:00
30035302374,application/octet-stream,.docx,integer.exe,8/31/2003 19:36,5/13/2017 17:46
66022502564,text/x-java-source,.docx,adipiscing lorem.jav,12/4/2016 5:53,6/11/2019 13:26
48056009301,audio/x-pn-realaudio-plugin,.docx,vel pede morbi.rpm,6/29/2005 16:07,11/8/2019 15:20
82025408001,application/mcad,.jpeg,sed.mcd,11/27/2009 9:07,9/11/2019 6:26
71026404482,message/rfc822,.pdf,ut.mime,1/5/2005 2:38,3/21/2019 20:54
7018809242,text/plain,.docx,hac habitasse.text,9/9/2015 5:50,5/12/2019 19:46
87066001664,text/x-script.lisp,.png,neque libero.lsp,3/11/2017 19:07,2/28/2018 2:29
25015509158,application/pro_eng,.jpeg,faucibus.part,4/2/2019 16:12,2/2/2015 7:43
98066707784,application/x-excel,.jpeg,hac habitasse platea.xlk,5/13/2007 10:15,7/9/2016 23:19
15012401965,text/x-script.elisp,.jpeg,fermentum.el,1/29/2014 12:16,4/15/2015 20:07
71055502210,application/x-binary,.pdf,in ante.bin,8/31/2003 19:22,8/13/2016 10:04
83025509024,application/vnd.wap.wmlscriptc,.pdf,scelerisque quam turpis.wmlsc,5/1/2015 13:07,8/8/2015 1:15
49042207870,text/x-sgml,.pdf,justo in.sgm,11/21/2002 16:53,12/12/2015 6:04
21044201784,application/arj,.docx,proin at turpis.arj,7/25/2001 1:41,10/26/2016 22:10
41029006854,audio/make,.pdf,tortor quis.pfunk,4/10/2011 2:27,8/17/2016 21:50
8074907668,application/excel,.png,nunc.xlc,7/25/2013 4:34,6/18/2016 5:33
43097803753,x-music/x-midi,.jpeg,morbi non quam.mid,12/14/2015 3:42,4/22/2018 1:45
42002904069,text/richtext,.jpeg,convallis eget eleifend.rtx,9/8/2009 7:15,9/5/2018 14:34
27084006693,application/x-tbook,.docx,justo eu.sbk,12/16/2004 0:58,8/31/2020 9:58
19087101393,text/uri-list,.docx,magna vulputate.uni,12/23/2011 12:38,1/10/2019 2:43
37062400736,video/x-atomic3d-feature,.jpeg,leo pellentesque.fmf,7/16/2001 21:01,1/31/2020 7:41
22057304718,model/x-pov,.jpeg,non quam.pov,3/20/2007 16:04,1/27/2019 6:57
7066508429,application/vnd.ms-powerpoint,.docx,volutpat convallis.ppt,7/8/2001 23:53,8/25/2019 22:15
54095503932,audio/mpeg,.docx,odio.m2a,11/7/2010 20:37,6/12/2016 23:46
37042801815,audio/basic,.pdf,justo nec.au,2/28/2014 16:08,1/1/2019 2:32
23024406226,application/x-binary,.jpeg,at.bin,4/15/2003 15:51,8/22/2018 19:08
78051009209,video/x-dv,.jpeg,tellus nisi.dv,8/18/2010 6:43,1/29/2018 14:43
78097809545,image/x-icon,.pdf,quisque.ico,7/15/2007 4:20,7/29/2015 22:06
64061408781,model/vnd.dwf,.png,cubilia.dwf,1/13/2011 9:12,7/31/2016 12:44
96043902475,text/plain,.png,quis.java,9/19/2016 18:56,6/15/2015 12:30
62038509472,application/octet-stream,.pdf,nonummy maecenas.exe,11/8/2003 22:35,5/9/2018 7:09
67068208276,application/vnd.rn-realmedia,.jpeg,vestibulum.rm,6/19/2002 4:46,11/30/2019 1:03
84027902664,image/x-portable-bitmap,.pdf,purus.pbm,10/24/2019 19:08,2/11/2017 9:51
44043002908,audio/x-wav,.png,quis justo.wav,10/5/2002 21:02,11/29/2019 11:08
95013807581,text/x-script.guile,.jpeg,vulputate.scm,4/23/2009 23:25,11/2/2016 6:40
8066704834,text/uri-list,.jpeg,sem sed sagittis.unis,9/5/2000 19:53,6/30/2016 11:03
20043607916,x-world/x-svr,.png,turpis sed ante.svr,3/29/2018 0:25,8/29/2018 2:38
51033102847,application/iges,.pdf,turpis nec.iges,6/17/2006 2:58,3/18/2015 18:10
21095802581,image/cmu-raster,.png,primis in faucibus.ras,4/7/2017 3:50,4/27/2019 2:41
48063408486,application/x-mif,.pdf,interdum in.mif,12/11/2007 1:10,9/25/2016 18:50
8074107123,application/x-stuffit,.docx,velit.sit,6/15/2016 20:50,10/7/2017 4:08
47050108620,xgl/movie,.pdf,ac.xmz,4/3/2013 13:51,3/9/2015 23:39
98003803131,video/quicktime,.png,ultricies eu nibh.qt,3/12/2006 12:56,11/18/2019 2:53
45016101155,video/animaflex,.png,nibh ligula.afl,1/12/2015 0:31,4/16/2015 21:48
5028206625,audio/x-pn-realaudio-plugin,.jpeg,ridiculus mus.rmp,11/17/2017 10:10,5/21/2017 10:57
19082804175,image/ief,.jpeg,tincidunt.iefs,5/26/2014 23:47,3/26/2020 15:31
72061908306,application/pro_eng,.jpeg,leo rhoncus sed.prt,2/23/2001 14:37,9/11/2016 14:55
62097905269,application/x-mif,.docx,hac habitasse platea.mif,8/1/2012 5:32,8/20/2015 9:40
91029901639,image/x-xbitmap,.pdf,pede justo.xbm,1/18/2001 10:32,10/29/2017 13:59
86044100266,audio/x-mpeg,.jpeg,consectetuer adipiscing.mp2,1/3/2018 16:41,7/31/2020 0:19
77068504153,application/x-winhelp,.pdf,neque sapien placerat.hlp,2/18/2007 16:14,7/4/2015 4:22
72012400881,text/x-java-source,.docx,ultrices posuere cubilia.jav,7/8/2007 4:38,5/27/2015 21:21
53086505287,image/x-windows-bmp,.pdf,nulla pede.bmp,7/30/2007 18:51,7/21/2015 2:21
41027404845,application/x-binary,.pdf,velit eu.bin,6/30/2007 22:15,7/18/2018 12:58
42052904281,application/x-troff-ms,.png,odio condimentum.ms,8/27/2015 23:14,3/13/2016 5:59
96035202473,application/x-csh,.jpeg,ipsum primis in.csh,8/28/2015 4:57,12/4/2018 5:25
44014907041,video/quicktime,.docx,pede justo.mov,12/8/2005 1:32,1/9/2019 0:36
83091807701,application/excel,.pdf,nunc donec.xlk,6/29/2001 6:32,4/4/2019 8:10
24055007790,video/vnd.rn-realvideo,.docx,erat tortor sollicitudin.rv,9/24/2007 5:26,4/30/2020 2:39
34025506222,image/xpm,.png,ornare consequat lectus.xpm,7/18/2019 16:14,7/21/2015 21:35
94044202532,application/x-excel,.docx,mi nulla.xlk,7/5/2015 0:18,5/19/2016 22:30
17050700610,application/msword,.png,donec ut mauris.wiz,2/3/2008 2:43,11/28/2018 13:43
72046505621,text/x-asm,.png,justo lacinia.s,7/27/2008 9:45,9/10/2016 1:50
41072806228,audio/x-pn-realaudio-plugin,.jpeg,viverra pede.rpm,1/31/2005 5:04,11/25/2017 5:56
95032300392,application/msword,.docx,scelerisque quam.wiz,9/12/2003 9:21,2/5/2017 6:59
84025902084,video/x-dl,.jpeg,integer tincidunt ante.dl,12/13/2003 3:20,4/1/2017 12:48
78097006184,x-music/x-midi,.pdf,leo maecenas pulvinar.midi,12/12/2003 18:45,9/28/2020 1:46
35063404644,application/excel,.jpeg,commodo.xlk,4/19/2010 23:35,7/20/2016 21:25
37018101495,text/plain,.pdf,nisi.pl,12/28/2015 0:31,7/20/2015 22:34
12028906429,application/x-freelance,.docx,faucibus orci.pre,6/4/2012 13:32,4/3/2016 18:16
15014906855,application/x-pcl,.jpeg,semper.pcl,3/17/2004 10:17,2/6/2020 8:40
74099105145,application/x-bsh,.docx,tincidunt lacus.sh,8/7/2016 16:15,9/30/2017 1:35
13063700920,text/pascal,.png,dolor vel.pas,1/24/2005 14:03,8/26/2019 5:13
49019502794,application/vocaltec-media-desc,.jpeg,amet erat nulla.vmd,9/27/2013 3:26,12/12/2019 20:20
35055906419,text/x-speech,.png,dapibus.spc,1/21/2013 19:12,3/8/2015 15:36
60093904768,application/octet-stream,.pdf,sed.lha,5/28/2001 20:08,2/6/2019 16:52
68084805383,i-world/i-vrml,.pdf,potenti in eleifend.ivr,8/20/2012 6:07,7/22/2019 14:21
68087604919,application/mbedlet,.png,et commodo.mbd,11/30/2009 8:50,4/24/2018 22:10
12041203524,text/plain,.docx,maecenas.g,7/30/2000 17:44,11/2/2016 12:29
44041006476,application/x-tex,.docx,vulputate elementum nullam.tex,9/18/2018 9:53,4/16/2019 0:23
56040408926,image/x-icon,.pdf,pede libero.ico,4/23/2011 7:57,1/9/2016 12:20
70061508897,model/x-pov,.docx,turpis.pov,4/2/2011 21:59,11/19/2020 0:45
97054601754,audio/x-nspaudio,.jpeg,leo.la,6/29/2008 21:11,7/26/2018 3:41
97097402532,application/x-mix-transfer,.docx,nulla mollis molestie.nix,9/7/2000 11:58,8/11/2019 6:23
56010808590,audio/x-twinvq-plugin,.png,lacinia erat.vqe,3/2/2017 4:53,12/9/2016 11:14
56068104301,x-music/x-midi,.pdf,rutrum.midi,1/17/2013 12:09,9/22/2018 20:38
69000506227,application/x-envoy,.jpeg,adipiscing.env,7/5/2002 18:44,7/15/2017 20:42
41061500578,application/x-elc,.docx,eget.elc,5/13/2006 3:14,2/7/2018 4:51
81008009207,application/x-shockwave-flash,.docx,proin risus praesent.swf,2/27/2014 17:40,7/29/2017 4:14
20704485,application/xml,.pdf,quam nec.xml,8/29/2016 13:12,12/4/2020 2:33
74032400896,application/x-shar,.png,in hac habitasse.sh,4/25/2004 6:41,9/17/2019 1:34
70036307353,text/vnd.wap.wmlscript,.jpeg,molestie nibh.wmls,1/8/2018 17:34,7/22/2018 12:32
69086303269,application/x-midi,.png,pellentesque.midi,11/28/2019 6:26,10/3/2019 13:08
19082700789,application/x-tex,.pdf,ipsum.tex,4/23/2003 23:00,1/1/2018 16:30
20079506726,image/vasa,.jpeg,ligula suspendisse ornare.mcf,3/27/2014 1:56,7/11/2016 15:45
75081406483,application/x-cdlink,.png,amet.vcd,4/6/2014 17:32,4/27/2015 21:01
67092702070,application/vocaltec-media-desc,.png,nonummy integer.vmd,11/16/2005 17:39,6/4/2015 14:01
50090707919,application/x-texinfo,.png,amet nulla quisque.texi,7/14/2013 2:42,4/3/2019 7:25
19015700293,text/vnd.wap.wml,.docx,pede ullamcorper augue.wml,6/20/2018 7:42,7/11/2017 6:27
88053407336,application/lzx,.docx,dictumst morbi.lzx,12/24/2006 19:40,10/23/2016 16:41
88043008412,audio/x-nspaudio,.pdf,eu.la,3/4/2001 11:43,8/19/2017 20:04
64097100486,application/x-lisp,.docx,eros suspendisse accumsan.lsp,11/24/2009 20:19,6/7/2015 14:24
5069106988,text/plain,.jpeg,leo.f,11/19/2017 13:06,5/27/2020 14:45
45022301143,text/x-java-source,.pdf,ac.java,7/22/2018 5:58,8/12/2018 1:56
41002905380,application/msword,.pdf,integer.wiz,2/12/2017 5:20,1/15/2020 18:17
31005103254,application/x-cpio,.pdf,lacus at.cpio,5/24/2009 21:50,12/9/2018 16:11
45077401572,application/vnd.hp-pcl,.jpeg,ante.pcl,1/19/2019 12:06,9/21/2019 1:47
58085009433,application/binhex4,.jpeg,id ornare imperdiet.hqx,5/4/2000 3:34,9/3/2018 2:48
47041000169,application/pkcs7-mime,.png,dui.p7m,6/26/2013 14:42,2/7/2019 5:17
18062107653,image/x-niff,.docx,morbi.nif,5/28/2017 8:39,12/27/2018 11:42
91014204465,text/richtext,.png,cubilia.rt,3/25/2011 8:37,5/15/2015 17:19
75083901955,audio/tsplayer,.pdf,condimentum neque sapien.tsp,3/31/2003 7:15,11/1/2015 9:02
16052205617,video/mpeg,.docx,in.mp3,3/10/2002 5:24,6/20/2016 23:08
73014300662,application/vocaltec-media-desc,.docx,et ultrices posuere.vmd,5/3/2010 14:28,9/2/2017 2:18
57067402535,audio/x-pn-realaudio,.png,proin leo.rmm,5/14/2006 6:25,8/1/2019 22:39
46012209886,video/mpeg,.png,rutrum at.mpg,2/9/2013 3:36,5/5/2016 19:12
13069805602,application/excel,.docx,semper rutrum.xla,11/14/2009 11:18,2/6/2020 18:52
70047704249,application/wordperfect,.png,enim blandit.wp5,10/2/2014 3:38,9/20/2017 4:11
11050202052,application/x-envoy,.docx,tincidunt eget tempus.evy,8/15/2002 12:51,9/18/2015 13:05
95043501055,application/x-wri,.jpeg,phasellus sit.wri,3/22/2008 17:19,8/3/2016 1:16
95071404598,text/x-script.elisp,.docx,interdum in ante.el,3/10/2003 1:42,3/2/2015 16:16
54070101541,application/book,.docx,interdum in.book,6/16/2017 16:11,4/17/2016 13:29
56012401682,video/vnd.rn-realvideo,.pdf,tincidunt.rv,9/4/2004 12:57,12/6/2016 4:33
73030508675,application/x-livescreen,.docx,lacus morbi quis.ivy,3/2/2009 12:37,6/1/2018 2:01
71053100497,application/x-gss,.pdf,in lectus.gss,12/2/2006 11:45,6/25/2016 6:59
35053109593,application/x-msexcel,.png,mattis egestas.xls,1/4/2006 6:47,4/10/2018 0:57
97009803801,paleovu/x-pv,.docx,nullam.pvu,11/1/2004 11:31,4/10/2016 10:15
1017003261,application/x-bytecode.elisp (compiled elisp),.jpeg,vestibulum sit amet.elc,1/4/2010 5:29,4/15/2015 5:51
40045102664,application/x-ustar,.jpeg,vitae nisi.ustar,6/2/2008 10:51,8/4/2015 7:14
91046603861,application/postscript,.docx,suspendisse potenti in.ai,8/22/2009 4:40,1/23/2020 11:37
32021102254,application/wordperfect,.png,pellentesque ultrices.wp,2/7/2001 23:13,8/11/2018 0:28
24049709602,application/x-compressed,.docx,nam nulla.gz,1/2/2017 16:20,3/14/2019 8:27
44097709405,application/x-pagemaker,.jpeg,metus arcu.pm4,1/28/2014 9:31,11/29/2015 12:18
28079002296,application/octet-stream,.png,lobortis.saveme,5/29/2001 7:21,11/16/2019 4:55
20005001479,application/ringing-tones,.png,ridiculus mus vivamus.rng,8/26/2013 15:34,10/12/2019 1:08
93048204701,text/plain,.pdf,porta volutpat.def,11/8/2009 16:59,12/10/2020 19:12
43010206668,application/streamingmedia,.png,erat.ssm,11/3/2002 6:08,10/22/2015 9:19
3064608316,application/x-lisp,.jpeg,sed lacus morbi.lsp,5/2/2001 8:12,8/28/2017 6:07
90021106269,application/x-compressed,.docx,ligula.zip,5/14/2018 5:53,3/20/2015 19:19
95008300094,text/uri-list,.png,ut.uni,10/20/2010 12:05,7/25/2017 2:47
69067300111,audio/x-pn-realaudio,.jpeg,eu tincidunt in.ra,7/30/2010 1:22,8/6/2019 22:28
12020105874,application/i-deas,.jpeg,accumsan odio.unv,12/4/2017 2:38,2/27/2015 21:21
94054900059,application/base64,.png,viverra eget.mme,8/4/2016 13:49,11/4/2016 16:41
70042407042,application/book,.docx,lacus morbi quis.book,6/25/2002 8:27,11/8/2016 21:36
98084801131,application/x-bsh,.pdf,bibendum.shar,12/29/2013 12:09,8/24/2016 15:29
19005309346,application/x-excel,.docx,varius.xla,9/8/2010 18:19,2/26/2017 21:37
43070502703,audio/x-adpcm,.png,et magnis dis.snd,10/3/2017 11:09,8/25/2017 15:42
91090901423,application/x-ima,.jpeg,morbi porttitor.ima,7/5/2011 2:43,6/4/2019 21:15
27068202553,text/richtext,.docx,odio.rtx,6/9/2001 21:14,8/31/2017 17:39
37094306874,application/vnd.ms-excel,.docx,at.xlb,12/7/2004 16:11,4/30/2016 17:26
24062202324,application/x-sprite,.pdf,non.sprite,5/1/2005 6:04,9/17/2015 9:38
75017400615,application/x-excel,.jpeg,eu orci.xlk,1/26/2016 16:11,4/20/2016 3:23
50052804441,image/vnd.net-fpx,.jpeg,eu sapien cursus.fpx,10/7/2012 21:23,1/7/2020 14:55
42004205663,application/excel,.jpeg,quam a.xla,6/30/2005 17:25,11/30/2017 6:08
39021703877,audio/x-gsm,.png,curae.gsm,2/28/2006 19:44,5/1/2015 15:46
35014302307,application/octet-stream,.docx,sed justo pellentesque.a,11/24/2019 11:21,7/12/2019 17:31
11086303223,application/x-javascript,.jpeg,sed.js,4/21/2006 10:13,11/2/2015 14:15
43008309090,application/pkcs-crl,.jpeg,in.crl,5/3/2015 0:23,4/7/2019 21:04
54007700834,audio/mod,.pdf,lorem ipsum.mod,5/24/2000 10:44,12/17/2015 4:27
67079904862,text/html,.docx,tristique fusce congue.htm,4/17/2001 16:18,3/9/2020 8:31
98008608829,video/mpeg,.docx,magna vestibulum.m1v,5/15/2015 17:40,10/30/2019 16:19
83034905243,image/vnd.dwg,.docx,tincidunt.svf,2/28/2008 5:00,7/28/2019 8:39
1046109205,video/mpeg,.pdf,dapibus duis.mp2,1/31/2008 17:49,11/10/2015 3:12
11084905314,application/sounder,.pdf,ligula.sdr,4/13/2018 19:26,7/28/2015 6:37
63085507173,application/x-compactpro,.pdf,quis turpis.cpt,4/1/2006 1:03,2/22/2016 21:47
6022009048,audio/x-pn-realaudio,.docx,nam congue.rm,8/21/2016 14:51,11/5/2020 9:44
29073500452,application/set,.png,curae donec pharetra.set,12/14/2015 5:27,9/30/2018 7:45
40022406802,application/x-conference,.pdf,elementum nullam varius.nsc,7/31/2008 17:16,3/17/2015 0:40
72089005773,application/x-stuffit,.jpeg,mauris vulputate.sit,11/16/2019 4:08,11/30/2015 20:48
94307511,text/webviewhtml,.pdf,platea.htt,9/22/2015 6:27,6/30/2017 15:46
28021508995,application/x-excel,.pdf,pretium.xld,8/2/2008 14:28,8/26/2016 9:57
12045809425,application/x-x509-ca-cert,.png,eleifend luctus ultricies.der,5/25/2011 9:08,11/21/2018 8:40
35010903199,text/x-speech,.pdf,suscipit nulla elit.spc,3/20/2004 13:19,10/21/2015 7:47
42022006787,video/vnd.vivo,.jpeg,aliquet at feugiat.vivo,10/29/2011 23:18,9/19/2015 18:20
99091206325,music/crescendo,.png,sapien.midi,6/14/2001 14:28,3/25/2016 7:28
97035901241,image/x-portable-pixmap,.jpeg,morbi sem mauris.ppm,9/25/2011 14:37,8/9/2020 5:58
95025600186,text/html,.jpeg,urna ut.htmls,1/21/2000 9:25,2/21/2016 20:45
77050201901,application/octet-stream,.jpeg,odio justo.bin,7/3/2002 22:10,6/28/2015 14:11
47028705694,application/x-compressed,.docx,nisl ut.gz,9/22/2005 22:09,11/15/2019 12:12
67082807858,x-world/x-svr,.png,iaculis justo.svr,7/4/2005 9:51,11/15/2019 6:33
39043700790,application/x-x509-ca-cert,.docx,donec.crt,5/16/2017 13:46,11/24/2016 14:29
41079400076,video/fli,.jpeg,blandit mi.fli,1/9/2004 21:11,8/11/2017 2:32
9029506278,application/x-authorware-seg,.png,diam.aas,9/21/2003 21:38,12/9/2019 13:08
47012001811,application/drafting,.png,sed tincidunt eu.drw,7/16/2011 20:23,11/6/2020 20:34
49036509644,application/x-tcl,.jpeg,mattis pulvinar.tcl,2/7/2014 23:34,2/9/2018 17:42
4074805662,application/marc,.docx,lorem.mrc,12/19/2000 9:56,10/8/2020 4:50
52002404407,application/x-seelogo,.pdf,sit amet.sl,11/13/2009 21:10,4/6/2017 14:26
73032905637,application/x-gzip,.png,odio justo sollicitudin.gzip,7/8/2015 18:25,8/23/2019 7:36
46085501921,audio/xm,.png,natoque.xm,1/24/2016 18:52,4/23/2015 16:24
39012208869,video/mpeg,.png,eu pede.m2v,1/5/2017 15:19,7/6/2019 0:23
21067007176,audio/x-pn-realaudio-plugin,.docx,volutpat erat.ra,1/13/2016 23:37,7/25/2017 11:15
80005804482,image/jpeg,.pdf,praesent lectus.jfif,1/17/2010 14:42,10/12/2019 5:15
46036405333,application/vnd.ms-powerpoint,.jpeg,nisi volutpat.pwz,2/12/2004 7:47,7/13/2017 6:01
30073401945,application/octet-stream,.docx,non quam nec.saveme,10/5/2005 10:40,11/27/2019 18:10
26091709778,video/quicktime,.png,integer ac.moov,11/21/2008 14:11,7/29/2017 19:59
12061603252,application/x-excel,.jpeg,risus.xlt,8/17/2003 13:20,3/27/2015 23:13
78064108119,paleovu/x-pv,.pdf,viverra.pvu,1/24/2001 15:53,10/3/2016 10:43
69050102434,application/x-ksh,.docx,montes nascetur.ksh,7/4/2019 1:33,7/30/2015 1:27
50004708442,text/x-server-parsed-html,.docx,tincidunt eu.ssi,1/16/2003 21:53,4/19/2019 13:02
31059502046,model/x-pov,.pdf,ut.pov,7/4/2006 11:02,7/19/2018 22:55
59000401186,application/wordperfect,.png,hac.wp5,11/3/2015 8:42,7/22/2019 21:46
73050309171,application/marc,.jpeg,consequat lectus in.mrc,4/30/2002 2:02,12/29/2016 11:04
20050807449,xgl/movie,.docx,curae.xmz,5/29/2008 16:15,3/1/2017 9:43
11046007128,application/wordperfect6.1,.jpeg,sed accumsan felis.w61,5/14/2018 22:36,9/23/2017 0:16
7061806057,text/plain,.png,luctus.sdml,6/1/2000 18:19,3/17/2016 19:29
80057500458,application/x-dvi,.pdf,tristique.dvi,1/10/2012 4:42,7/20/2016 3:49
72035806006,application/x-mspowerpoint,.png,eros.ppt,5/7/2017 13:03,7/24/2017 18:49
60064403768,application/x-sh,.docx,amet.sh,5/7/2013 12:41,7/4/2016 21:41
69059908692,text/html,.pdf,in tempus.htx,8/11/2009 2:28,5/15/2017 16:08
12041204568,application/x-troff-me,.png,sagittis.me,12/5/2012 11:43,11/18/2015 5:08
22089602466,application/groupwise,.jpeg,eleifend luctus.vew,11/19/2006 22:42,2/3/2020 11:20
14067207460,application/mac-binhex,.png,faucibus.hqx,1/24/2001 15:53,3/18/2015 22:28
